SUP_ID,image,status,classe_niveau2,classe_multi,group_id,split_compare,latitude,longitude
2725130,support_2725130.jpg,non_visible,mat,negative,0,val,48.77777777777778,2.2225
3016207,support_3016207.jpg,non_visible,pylone,negative,1,train,48.94805555555556,2.026111111111111
1306136,support_1306136.jpg,visible,pylone,pylone_mat,2,val,48.75861111111111,2.0458333333333334
170960,support_170960.jpg,visible,autre_support,autre_support,3,train,49.06166666666666,1.5508333333333333
518734,support_518734.jpg,non_visible,pylone,negative,4,train,48.96305555555556,1.7472222222222222
670491,support_670491.jpg,non_visible,mat,negative,5,train,48.822500000000005,1.637222222222222
2056904,support_2056904.jpg,visible,pylone,pylone_mat,6,train,48.9875,1.735
815673,support_815673.jpg,visible,chateau_eau,chateau_eau,7,val,49.0175,1.5680555555555555
555190,support_555190.jpg,visible,pylone,pylone_mat,8,train,48.76027777777778,2.1713888888888886
1990531,support_1990531.jpg,visible,batiment,batiment,9,train,48.717777777777776,2.101388888888889
2899877,support_2899877.jpg,visible,batiment,batiment,10,train,48.78916666666667,2.0413888888888887
2973405,support_2973405.jpg,visible,pylone,pylone_mat,11,train,48.72972222222222,2.081388888888889
3302172,support_3302172.jpg,visible,batiment,batiment,12,val,48.98777777777778,1.763611111111111
1385677,support_1385677.jpg,visible,batiment,batiment,13,train,48.8525,2.038055555555556
2225619,support_2225619.jpg,visible,batiment,batiment,14,train,48.90083333333333,2.143611111111111
3313226,support_3313226.jpg,non_visible,mat,negative,15,train,48.73027777777778,1.701111111111111
2556544,support_2556544.jpg,visible,pylone,pylone_mat,16,train,48.78666666666666,1.938055555555556
513357,support_513357.jpg,visible,autre_support,autre_support,17,train,48.64666666666667,1.823888888888889
2216003,support_2216003.jpg,visible,batiment,batiment,18,train,48.719722222222224,2.103333333333333
546396,support_546396.jpg,visible,batiment,batiment,19,train,48.76833333333333,1.9491666666666667
951133,support_951133.jpg,visible,mat,pylone_mat,20,train,48.95388888888889,1.6377777777777778
834935,support_834935.jpg,visible,pylone,pylone_mat,21,val,48.83694444444445,2.129166666666667
3302170,support_3302170.jpg,visible,batiment,batiment,12,val,48.98833333333334,1.7633333333333334
2690397,support_2690397.jpg,visible,batiment,batiment,22,train,48.9025,2.136388888888889
467036,support_467036.jpg,visible,chateau_eau,chateau_eau,23,train,49.03444444444444,1.5675
867956,support_867956.jpg,visible,batiment,batiment,24,train,48.7975,2.123333333333333
622013,support_622013.jpg,visible,pylone,pylone_mat,25,train,48.5525,1.931944444444444
2284920,support_2284920.jpg,visible,batiment,batiment,26,val,48.8,2.1286111111111112
895684,support_895684.jpg,visible,chateau_eau,chateau_eau,27,train,48.712500000000006,2.044722222222222
3352185,support_3352185.jpg,visible,batiment,batiment,28,train,48.92444444444444,2.0483333333333333
2670965,support_2670965.jpg,visible,pylone,pylone_mat,29,train,48.94499999999999,1.7916666666666663
1616424,support_1616424.jpg,visible,autre_support,autre_support,30,train,48.98416666666667,1.6275
1719554,support_1719554.jpg,visible,batiment,batiment,31,train,48.64555555555555,1.8375
1672761,support_1672761.jpg,non_visible,pylone,negative,32,train,48.623333333333335,1.823611111111111
816712,support_816712.jpg,visible,chateau_eau,chateau_eau,33,train,48.96111111111112,2.144722222222222
3290346,support_3290346.jpg,visible,autre_support,autre_support,26,val,48.80138888888889,2.13
1466271,support_1466271.jpg,visible,pylone,pylone_mat,34,train,48.94111111111111,2.058055555555556
1942426,support_1942426.jpg,visible,batiment,batiment,35,train,48.79333333333333,2.118611111111111
526911,support_526911.jpg,visible,batiment,batiment,36,train,48.7975,2.0675000000000003
553278,support_553278.jpg,non_visible,autre_support,negative,21,val,48.83694444444445,2.127222222222222
2737268,support_2737268.jpg,visible,batiment,batiment,37,train,48.70305555555556,2.078055555555556
1601403,support_1601403.jpg,visible,autre_support,autre_support,38,train,48.94888888888889,2.145555555555556
1922302,support_1922302.jpg,visible,pylone,pylone_mat,2,val,48.75888888888889,2.045555555555556
867947,support_867947.jpg,visible,batiment,batiment,39,train,48.973055555555554,2.027222222222222
508208,support_508208.jpg,visible,pylone,pylone_mat,40,train,49.025277777777774,1.593611111111111
443355,support_443355.jpg,visible,chateau_eau,chateau_eau,41,train,48.85444444444445,1.8191666666666664
2683820,support_2683820.jpg,visible,pylone,pylone_mat,42,train,48.90972222222222,2.005
815751,support_815751.jpg,visible,chateau_eau,chateau_eau,43,train,48.62222222222222,1.9077777777777776
1246785,support_1246785.jpg,visible,autre_support,autre_support,44,train,48.814166666666665,2.141111111111111
1465959,support_1465959.jpg,visible,pylone,pylone_mat,45,train,48.76138888888889,2.1358333333333333
3034953,support_3034953.jpg,non_visible,mat,negative,46,train,48.77833333333333,2.0175
1538941,support_1538941.jpg,non_visible,mat,negative,47,train,48.87277777777778,2.0872222222222225
541547,support_541547.jpg,visible,pylone,pylone_mat,48,train,48.95583333333334,2.094444444444445
437760,support_437760.jpg,visible,chateau_eau,chateau_eau,49,train,48.50666666666667,1.9183333333333328
2955276,support_2955276.jpg,visible,pylone,pylone_mat,50,train,48.98083333333334,1.7544444444444445
466815,support_466815.jpg,non_visible,autre_support,negative,51,train,48.83611111111112,2.088611111111111
1424786,support_1424786.jpg,visible,chateau_eau,chateau_eau,52,train,49.05972222222222,1.763611111111111
723529,support_723529.jpg,visible,batiment,batiment,53,train,48.925,2.160833333333333
2617660,support_2617660.jpg,visible,pylone,pylone_mat,54,train,48.799166666666665,1.9791666666666667
2684605,support_2684605.jpg,visible,batiment,batiment,55,val,48.99055555555556,1.7416666666666667
1546040,support_1546040.jpg,visible,batiment,batiment,55,val,48.99194444444444,1.7416666666666667
