SUP_ID,STA_NM_ANFR,NB_STATIONS_ANFR,NAT_ID,NAT_LB_NOM,latitude,longitude,SUP_NM_HAUT,ADR_LB_LIEU,ADR_LB_ADD1,ADR_NM_CP,COM_CD_INSEE,split,classe_niveau2,image,status,x1,y1,x2,y2,commentaire
2725130,780990402,1,42,Mât,48.77777777777778,2.2225,"7,9",,ech n118 sud vers a86 pr7.6,78140,78640,train,mat,support_2725130.jpg,non_visible,,,,,
511029,782290151,2,23,Pylône autostable,49.01,1.8877777777777776,32,Clos Malines,r de la chesnaye,78250,78299,train,pylone,support_511029.jpg,ambigu,,,,,
3016207,782700722,2,23,Pylône autostable,48.94805555555556,2.026111111111111,24,LES MORIZETS,AVENUE DE L'EUROPE,78955,78123,train,pylone,support_3016207.jpg,non_visible,,,,,
2863171,780460002,1,23,Pylône autostable,48.95277777777778,1.5669444444444445,20,,La Folie Panier,78980,78107,train,pylone,support_2863171.jpg,ambigu,,,,,
2052525,782700460,2,38,Immeuble,49.00722222222223,1.965,16,,21 BOULEVRD ANGIBOUT,78740,78638,train,batiment,support_2052525.jpg,ambigu,,,,,
1306136,782290488,1,26,Pylône tubulaire,48.75861111111111,2.0458333333333334,17,,Avenue du Grand pré,78960,78688,train,pylone,support_1306136.jpg,visible,490.88874037767215,480.6080430932702,533.7122856635551,524.5585237814133,
170960,780030405,1,999999999,Support non décrit,49.06166666666666,1.5508333333333333,12,,11 R DE LA MAIRIE,78270,78337,train,autre_support,support_170960.jpg,visible,468.6116895799513,461.96185064935054,586.6376636059252,575.0008116883116,
518734,780620501,14,23,Pylône autostable,48.96305555555556,1.7472222222222222,37,La Plagne,r de bellevue,78930,78291,train,pylone,support_518734.jpg,non_visible,,,,,
670491,780220041,2,42,Mât,48.822500000000005,1.637222222222222,15,La Grenouillère,pl du chateau,78550,78520,train,mat,support_670491.jpg,non_visible,,,,,
2056904,782750905,1,26,Pylône tubulaire,48.9875,1.735,21,,82 R DES COUTURES,78520,78335,train,pylone,support_2056904.jpg,visible,493.78077604847465,495.7755038792376,509.3203948712104,513.6855730308653,
1594400,780990120,2,26,Pylône tubulaire,48.82972222222222,1.9777777777777776,36,,6 r des Entrepreneurs,78340,78165,train,pylone,support_1594400.jpg,ambigu,,,,,
2720444,780990389,1,17,Bâtiment,48.82972222222222,1.9936111111111112,"24,2",,6 RUE DE LA POINTE A L'ANGE,78450,78674,train,batiment,support_2720444.jpg,ambigu,,,,,
2737138,782700542,1,17,Bâtiment,48.94611111111111,2.1516666666666664,"20,7",,18 RUE DE PARIS,78600,78358,train,batiment,support_2737138.jpg,ambigu,,,,,
815673,782290047,1,4,Château d'eau - réservoir,49.0175,1.5680555555555555,"36,1",Hameau de Morvent,,78270,78089,train,chateau_eau,support_815673.jpg,visible,512.3419634539314,468.5058178023274,548.4816160091682,492.98751792039127,
555190,782700112,9,23,Pylône autostable,48.76027777777778,2.1713888888888886,38,,1 R DE LA LIBÉRATION,78350,78322,train,pylone,support_555190.jpg,visible,468.1659675291945,474.5492647674905,508.435293042391,510.4943674067868,
627860,782750010,1,38,Immeuble,48.90638888888888,2.154444444444444,"20,7",,10 CHEM DES CHAMPS ROGER,78360,78418,train,batiment,support_627860.jpg,ambigu,,,,,
1990531,780990235,1,38,Immeuble,48.717777777777776,2.101388888888889,18,,2 SQUARE DE LA CURE,78114,78356,train,batiment,support_1990531.jpg,visible,433.7025986708603,435.364448051948,570.0142869825487,550.0657467532467,
2899877,782700564,3,17,Bâtiment,48.78916666666667,2.0413888888888887,34,,4 Mail des Bétulas,78180,78423,train,batiment,support_2899877.jpg,visible,335.6246765929383,262.4813311688312,538.4298713981331,633.1826298701299,
2437970,782290581,1,48,pylône arbre,48.947222222222216,2.187222222222222,25,,103 R LÉON JOUHAUX,78500,78586,train,pylone,support_2437970.jpg,ambigu,,,,,
2973405,782700712,1,26,Pylône tubulaire,48.72972222222222,2.081388888888889,30,,3 Rue de la Planète Bleue,78114,78356,train,pylone,support_2973405.jpg,visible,523.6859004912678,527.057688521156,545.7467299843554,545.4849696271469,
3302172,780034239,1,17,Bâtiment,48.98777777777778,1.763611111111111,12,,"4, r de rouen",78440,78501,train,batiment,support_3302172.jpg,visible,94.58571555397724,314.0137987012986,581.6506506189123,688.0397727272727,
1385677,782700331,2,17,Bâtiment,48.8525,2.038055555555556,"20,5",La Tuilerie Bignon,r henri frayssineau,78860,78571,train,batiment,support_1385677.jpg,visible,307.3649363331981,342.27353896103887,541.7545467228084,528.4553571428571,
2225619,780990277,2,17,Bâtiment,48.90083333333333,2.143611111111111,31,LES SABINETTES,RUE DES LANDES,78400,78146,train,batiment,support_2225619.jpg,visible,365.5467545150162,330.63717532467524,573.338962307224,561.7021103896103,
3313226,780034311,1,42,Mât,48.73027777777778,1.701111111111111,4,,"14, ROUTE DE SAINT LEGER",78113,78171,train,mat,support_3313226.jpg,non_visible,,,,,
2556544,782751054,1,26,Pylône tubulaire,48.78666666666666,1.938055555555556,"31,6",,RTE D'ELANCOURT,78760,78321,train,pylone,support_2556544.jpg,visible,566.6896116578732,601.5982142857142,611.5727285409903,638.1696428571427,
513357,782700066,2,20,Monument religieux,48.64666666666667,1.823888888888889,56,,pl jeanne d'arc,78120,78517,train,autre_support,support_513357.jpg,visible,437.997474023668,410.3117694805193,617.5752780378357,666.9615923848877,
3115363,780990505,1,38,Immeuble,48.93833333333333,2.0591666666666666,"33,7",,117 rue Saint Sebastien,78300,78498,train,batiment,support_3115363.jpg,ambigu,,,,,
1701010,780466063,1,23,Pylône autostable,48.98305555555556,1.8086111111111112,22,,PLACE DE L'EUROPE,78440,78267,train,pylone,support_1701010.jpg,ambigu,,,,,
437363,782700274,3,48,pylône arbre,48.94111111111111,1.871388888888889,37,,CARREFOUR DE LA HAUTE BORNE,78580,78049,train,pylone,support_437363.jpg,ambigu,,,,,
2216003,782750968,1,38,Immeuble,48.719722222222224,2.103333333333333,"16,7",,1 SQUARE DE LA BARRERIE,78114,78356,train,batiment,support_2216003.jpg,visible,443.6766246448864,508.507305194805,560.0402610085227,628.1956168831168,
546396,782700035,2,38,Immeuble,48.76833333333333,1.9491666666666667,"32,3",,1 pl mendès france,78990,78208,train,batiment,support_546396.jpg,visible,387.15714412540586,422.06574675324674,736.2480532163149,844.299512987013,
951133,780031005,1,42,Mât,48.95388888888889,1.6377777777777778,10,,RD 938 RTE DE FAVRIEUX,78200,78245,train,mat,support_951133.jpg,visible,510.8076099706744,509.5633766233766,523.986193967323,523.8401759530791,
834935,782750282,1,26,Pylône tubulaire,48.83694444444445,2.129166666666667,27,,14 AV DU PUIT D'ANGLE,78170,78126,train,pylone,support_834935.jpg,visible,456.9364651879928,452.9963727019732,487.1068143193809,482.2384033985494,
3302170,780034238,1,39,Local technique,48.98833333333334,1.7633333333333334,3,,"5, r de rouen",78440,78501,train,batiment,support_3302170.jpg,visible,496.3261306700356,447.6867326351068,622.8940750353477,536.9778166736488,
2690397,782700537,1,38,Immeuble,48.9025,2.136388888888889,16,,11 ROUTE DE MONTESSON,78110,78650,train,batiment,support_2690397.jpg,visible,471.9363649046265,535.1047077922077,646.481819450081,618.2215909090909,
467036,782290406,4,4,Château d'eau - réservoir,49.03444444444444,1.5675,"54,8",Bois Cahue,ZI - RN 13,78270,78089,train,chateau_eau,support_467036.jpg,visible,408.7675337357954,420.403409090909,506.8454558137176,478.58522727272725,
867956,782700118,1,38,Immeuble,48.7975,2.123333333333333,"19,2",,7 r maréchal joffre,78000,78646,train,batiment,support_867956.jpg,visible,452.77241746243305,436.50505249620505,533.1604761569853,533.5251233344577,
816605,782290279,1,38,Immeuble,48.99722222222222,1.7094444444444443,21,,18 r Maurice Braunstein,78200,78361,train,batiment,support_816605.jpg,ambigu,,,,,
622013,780030974,4,23,Pylône autostable,48.5525,1.931944444444444,70,,Gare de Péage - A10,78730,78537,train,pylone,support_622013.jpg,visible,441.3489221073785,555.721870548806,514.8135220235913,616.2567008797653,
2284920,782290561,1,17,Bâtiment,48.8,2.1286111111111112,"14,7",,AVENUE DE SCEAUX ,78000,78646,train,batiment,support_2284920.jpg,visible,427.0532480215098,506.8449675324675,892.5077934760552,902.481331168831,
2685101,782751084,1,23,Pylône autostable,48.905,2.056388888888889,20,,6 ALLEE DE POMONE,78100,78551,train,pylone,support_2685101.jpg,ambigu,,,,,
895684,780030700,1,4,Château d'eau - réservoir,48.712500000000006,2.044722222222222,28,,r de la butte des vignes,78460,78160,train,chateau_eau,support_895684.jpg,visible,553.390910359172,455.3124999999999,599.9363649046265,496.8709415584415,
3352185,782700057,1,17,Bâtiment,48.92444444444444,2.0483333333333333,"44,7",,48-52 Avenue Fernand Lefèbvre,78300,78498,train,batiment,support_3352185.jpg,visible,392.1441571124189,309.02678571428567,621.5467545150162,581.6501623376623,
2670965,782290615,1,26,Pylône tubulaire,48.94499999999999,1.7916666666666663,"31,2",LA CONCHE,Chemin de la CONCHE,78970,78402,train,pylone,support_2670965.jpg,visible,465.4942156407101,539.3362086300796,496.1412872787495,575.6287934645999,
1616424,780461326,1,32,"Ouvrage d'art (pont, viaduc)",48.98416666666667,1.6275,"8,4",,Les beurons chatons,78200,78484,train,autre_support,support_1616424.jpg,visible,506.56103430528646,437.5813856304985,557.6859609915034,522.3026927105152,
1719554,780990159,1,38,Immeuble,48.64555555555555,1.8375,"19,5",,20 rue Auguste Moutié,78120,78517,train,batiment,support_1719554.jpg,visible,510.1701311383928,476.9228896103896,586.6376636059252,629.8579545454545,
1672761,780990149,1,26,Pylône tubulaire,48.623333333333335,1.823611111111111,36,,2 rue de Cutesson,78125,78269,train,pylone,support_1672761.jpg,non_visible,,,,,
816712,782290189,2,4,Château d'eau - réservoir,48.96111111111112,2.144722222222222,35,,av jacques laffitte,78600,78358,train,chateau_eau,support_816712.jpg,visible,400.4558454241071,468.6112012987012,473.5987025669642,535.1047077922077,
3290346,780034119,1,19,Monument historique,48.80138888888889,2.13,45,,"4, av de paris",78000,78646,train,autre_support,support_3290346.jpg,visible,410.42987139813306,420.403409090909,666.4298713981331,789.4423701298701,
1345754,780031196,1,42,Mât,48.9875,1.7680555555555555,11,,ANCIE CHEMIN DE ROUEN A PARIS,78440,78501,train,mat,support_1345754.jpg,ambigu,,,,,
1466271,780460340,1,23,Pylône autostable,48.94111111111111,2.058055555555556,20,,AVENUE DE PONTOISE,78300,78498,train,pylone,support_1466271.jpg,visible,527.5373761029796,472.55784876413895,566.6527175357405,502.9346564725596,
2577419,780990351,1,38,Immeuble,48.918055555555554,2.037777777777777,"14,9",,29 rue Saint Barthélémy,78300,78498,train,batiment,support_2577419.jpg,ambigu,,,,,
1942426,780180027,1,17,Bâtiment,48.79333333333333,2.118611111111111,13,,2 BIS AVENUE CLEMENT ADER,78000,78646,train,batiment,support_1942426.jpg,visible,420.40389737215895,314.0137987012986,716.3000012682628,565.0267857142857,
526911,782700117,1,38,Immeuble,48.7975,2.0675000000000003,19,,17-21 R André Cordier,78210,78545,train,batiment,support_526911.jpg,visible,217.59870256696436,440.3514610389611,591.6246765929383,651.4683441558441,
553278,782290432,3,49,"Ouvrage de signalisation (portique routier, panneau routier)",48.83694444444445,2.127222222222222,8,,A13 sens Paris-Province,78170,78126,train,autre_support,support_553278.jpg,non_visible,,,,,
2737268,782751095,1,38,Immeuble,48.70305555555556,2.078055555555556,"12,1",,39 R PIERRE  CURIE,78470,78575,train,batiment,support_2737268.jpg,visible,427.0532480215097,382.1696428571428,633.1831181513799,561.7021103896103,
1601403,782290522,2,20,Monument religieux,48.94888888888889,2.145555555555556,50,,13 Rue de la Muette,78600,78358,train,autre_support,support_1601403.jpg,visible,328.9753259435877,486.8969155844156,510.1701311383928,701.3384740259739,
1922302,780990216,1,26,Pylône tubulaire,48.75888888888889,2.045555555555556,"19,5",,AVENUE DU GRAND PRÉ,78960,78688,train,pylone,support_1922302.jpg,visible,483.9493811285739,532.972133431085,502.16431200415,556.5687484289904,
867947,782700153,1,38,Immeuble,48.973055555555554,2.027222222222222,21,,"10- 16, r de l'echo",78570,78138,train,batiment,support_867947.jpg,visible,405.44285841112014,390.4813311688311,551.7285726968344,769.4943181818182,
508208,782290249,5,23,Pylône autostable,49.025277777777774,1.593611111111111,30,Les Coutumes,Domaine du Galicet,78840,78255,train,pylone,support_508208.jpg,visible,561.4627922977979,512.9545108923332,593.4826331021548,546.9755917469627,
443355,782700048,3,4,Château d'eau - réservoir,48.85444444444445,1.8191666666666664,47,,r des châtaigniers,78770,78364,train,chateau_eau,support_443355.jpg,visible,418.74155970982144,350.58522727272725,560.0402610085227,480.2475649350648,
2683820,780990343,2,23,Pylône autostable,48.90972222222222,2.005,32,,CHEM DE LA BIDONNIERE AU POULT,78300,78498,train,pylone,support_2683820.jpg,visible,478.1686190230224,634.4282172373079,513.9542152449823,751.4567886658793,
815751,782290088,4,4,Château d'eau - réservoir,48.62222222222222,1.9077777777777776,39,Les Frémillons,chem des frémillons,78120,78164,train,chateau_eau,support_815751.jpg,visible,513.494806463068,475.2605519480519,558.3779233461851,513.4943181818181,
1662012,782290525,1,38,Immeuble,48.93138888888889,2.0391666666666666,20,,2 avenue Maurice Berteaux,78300,78498,train,batiment,support_1662012.jpg,ambigu,,,,,
532167,782290175,4,23,Pylône autostable,48.74361111111112,2.045,"36,7",,7 R JEANNE ET PAUL WEISS - BROUESSY,78114,78356,train,pylone,support_532167.jpg,ambigu,,,,,
1246785,782290426,1,20,Monument religieux,48.814166666666665,2.141111111111111,18,,7 Av de Villeneuve L'Etang,78000,78646,train,autre_support,support_1246785.jpg,visible,475.2610402293019,501.8579545454545,575.0012999695616,626.5332792207791,
1465959,780990082,2,23,Pylône autostable,48.76138888888889,2.1358333333333333,32,,53 R DU TROU SALE,78350,78343,train,pylone,support_1465959.jpg,visible,487.8343567666607,528.369406729634,530.2131727558663,564.2931712767752,
955944,782700319,2,17,Bâtiment,49.0475,1.478888888888889,"14,3",,pl st hilaire,78270,78068,train,batiment,support_955944.jpg,ambigu,,,,,
3034953,780466059,1,42,Mât,48.77833333333333,2.0175,10,,2 Allée du Stade,78190,78621,train,mat,support_3034953.jpg,non_visible,,,,,
1538941,780461329,1,12,Mât métallique,48.87277777777778,2.0872222222222225,22,,Rue du CHANT DES OISEAUX,78160,78372,train,mat,support_1538941.jpg,non_visible,,,,,
541547,782750244,2,23,Pylône autostable,48.95583333333334,2.094444444444445,"47,9",ACHÈRES GARE GRAND CORMIER,GARE D'ACHERES FORET DE ST GERMAIN-N184,78100,78551,train,pylone,support_541547.jpg,visible,497.7993351274481,511.9279796816088,560.3461302677915,563.007862379556,
437760,782290184,4,4,Château d'eau - réservoir,48.50666666666667,1.9183333333333328,33,Bois des Bouleaux,La Vieille Tour Ruine,78660,78564,train,chateau_eau,support_437760.jpg,visible,407.1051960734578,437.02678571428567,461.9623389306006,481.9099025974025,
2955276,780990469,2,23,Pylône autostable,48.98083333333334,1.7544444444444445,21,,104 Bd Pasteur,78520,78335,train,pylone,support_2955276.jpg,visible,548.0662811829047,486.4330446166736,579.2624604874713,529.9777115626308,
466815,782290201,1,32,"Ouvrage d'art (pont, viaduc)",48.83611111111112,2.088611111111111,9,,PMV Sirius - A12 PK 1.4 - sens Province-Paris,78870,78043,train,autre_support,support_466815.jpg,non_visible,,,,,
1291835,782700434,1,17,Bâtiment,48.94,2.048888888888889,18,,45 rue Jean Pierre Timbaud,78300,78498,train,batiment,support_1291835.jpg,ambigu,,,,,
1424786,780230005,4,4,Château d'eau - réservoir,49.05972222222222,1.763611111111111,60,,"61, Grande Rue",78440,78202,train,chateau_eau,support_1424786.jpg,visible,496.87142983969153,551.7280844155844,575.0012999695616,623.2086038961038,
723529,782290019,1,38,Immeuble,48.925,2.160833333333333,33,,11 r du bas de la plaine,78500,78586,train,batiment,support_723529.jpg,visible,392.1441571124188,370.5332792207792,679.7285726968344,619.8839285714286,
2617660,780990364,1,26,Pylône tubulaire,48.799166666666665,1.9791666666666667,"31,2",,Avenue Gay Lussac,78990,78208,train,pylone,support_2617660.jpg,visible,460.2026197649377,481.7913374528696,495.03234745660086,514.3495611646417,
2684605,782700529,1,17,Bâtiment,48.99055555555556,1.7416666666666667,"18,5",,9 RUE DU 11 NOVEMBRE,78520,78335,train,batiment,support_2684605.jpg,visible,363.88441685267856,362.2215909090909,643.1571441254058,704.6631493506493,
1546040,782290516,1,38,Immeuble,48.99194444444444,1.7416666666666667,"16,5",,15 Rue de la Chasse,78520,78335,train,batiment,support_1546040.jpg,visible,263.90408894575387,403.37615955473086,497.8403345183631,804.4097233934896,
1336569,780460320,1,23,Pylône autostable,48.82333333333334,1.993888888888889,20,,Allée de la Gare,78340,78165,train,pylone,support_1336569.jpg,non_visible,,,,,
1353312,782750738,1,17,Bâtiment,48.92722222222222,2.144722222222222,8,,280 AV  GABRIEL PERI - CARREFOUR,78360,78418,train,batiment,support_1353312.jpg,ambigu,,,,,
1370988,780990059,2,38,Immeuble,48.97694444444445,1.6947222222222222,"13,9",,rue des Martinets,78200,78354,train,batiment,support_1370988.jpg,visible,444.7327981809017,487.84612693757856,560.7661119638929,600.4260682865521,
1381467,780990027,3,38,Immeuble,48.78444444444444,2.2183333333333333,"36,2",,16 AV MORANE SAULNIER,78140,78640,train,batiment,support_1381467.jpg,visible,435.364936333198,358.8969155844155,555.0532480215097,486.8969155844155,
1398007,780460323,1,23,Pylône autostable,48.76472222222223,2.1641666666666666,12,,Avenue Jean Jaurès,78350,78322,train,pylone,support_1398007.jpg,ambigu,,,,,
1461855,780460343,1,23,Pylône autostable,48.93333333333333,2.163333333333333,"20,4",,Rue de l'Ilot,78500,78586,train,pylone,support_1461855.jpg,non_visible,,,,,
1468648,780990083,5,26,Pylône tubulaire,48.95361111111112,1.5705555555555557,"35,2",la borne d'argent,,78200,78082,train,pylone,support_1468648.jpg,visible,607.3578972281498,556.8977953498115,645.2699206885604,603.067883326351,
1468847,780031292,1,17,Bâtiment,48.75666666666667,1.928055555555556,18,,1 AVENUE GUTENBERG,78310,78168,train,batiment,support_1468847.jpg,ambigu,,,,,
1509971,782750776,1,17,Bâtiment,48.98777777777778,1.9252777777777776,"23,6",,ALLEE DES FOUGERES,78130,78440,train,batiment,support_1509971.jpg,visible,501.8584428267045,505.1826298701298,634.8454558137175,919.1047077922076,
1536777,780990106,3,26,Pylône tubulaire,48.91972222222222,1.5955555555555556,26,LE CLOS DE L'EGLISE,STADE DE FOOTBALL LE CLOS DE L'EGLISE,78980,78346,train,pylone,support_1536777.jpg,visible,535.6492329891344,487.1843786894923,555.2194809230186,523.1513208382526,
1545487,780990110,1,48,pylône arbre,48.99972222222223,2.117777777777778,32,,Allee du Point du Jour,78700,78172,train,pylone,support_1545487.jpg,visible,485.3521797676869,559.5201455802262,510.8470771283907,583.8010002094679,
1579612,782290519,3,17,Bâtiment,48.780277777777776,2.2075,"28,6",,11 PLACE DE L'EUROPE,78140,78640,train,batiment,support_1579612.jpg,visible,214.27402724228895,282.42938311688306,588.3000012682629,626.5332792207791,
1624219,780990141,2,17,Bâtiment,48.907777777777774,2.158333333333333,"33,8",,136 Avenue Paul Doumer,78360,78418,train,batiment,support_1624219.jpg,visible,302.37792334618507,254.1696428571428,614.8974038656655,678.0657467532467,
1701008,780466062,1,23,Pylône autostable,49.00611111111111,1.9144444444444444,24,THUN-LE-PARADIS,RUE DE LA COTE LECUYER,78250,78401,train,pylone,support_1701008.jpg,visible,519.2655839737379,492.9511625471303,532.7616208400973,506.9662777545035,
1716845,780990156,1,38,Immeuble,48.801944444444445,2.0725,"19,8",,34 bis rue du Docteur Vaillant,78210,78545,train,batiment,support_1716845.jpg,visible,385.4948064630681,450.32548701298697,639.8324688007305,575.0008116883116,
1736078,782700113,2,23,Pylône autostable,48.47972222222222,1.8522222222222224,40,Le Petit Orme,zi  chem rural 9,78660,78071,train,pylone,support_1736078.jpg,visible,514.9413608870966,538.6644574780058,548.8144400659824,567.4926099706744,
1746470,780466083,1,23,Pylône autostable,48.7725,2.1475,"7,4",,RUE CHARLES DE GAULLE,78350,78322,train,pylone,support_1746470.jpg,visible,547.1331795468382,526.0796814386911,564.7582765277793,550.8226060465506,
1747998,780466089,1,23,Pylône autostable,48.78777777777778,2.0458333333333334,"8,4",,AVENUE DES PRES,78180,78423,train,pylone,support_1747998.jpg,ambigu,,,,,
1748486,780031455,1,38,Immeuble,48.99555555555556,1.685,75,,2 RUE ARCHIMEDE,78200,78361,train,batiment,support_1748486.jpg,visible,503.5207804890422,314.0137987012986,611.5727285409903,525.1306818181818,
1786127,782290535,2,17,Bâtiment,48.94,2.0463888888888886,"43,7",,45 Rue Jean Pierre Timbaud,78300,78498,train,batiment,support_1786127.jpg,ambigu,,,,,
1798466,780990181,1,26,Pylône tubulaire,49.02583333333333,1.7597222222222222,"23,5",,Rue de Meulan,78440,78246,train,pylone,support_1798466.jpg,visible,529.6909078390106,427.151322790113,553.0236937627644,452.150736279849,
1866260,782290485,1,38,Immeuble,48.77333333333333,2.082777777777778,"21,4",,47 R de Dampierre,78280,78297,train,batiment,support_1866260.jpg,visible,483.5727285409902,491.88392857142856,594.9493519176135,693.0267857142857,
1879848,782700175,1,23,Pylône autostable,48.99555555555556,1.8572222222222223,20,,chem des clos renards,78820,78327,train,pylone,support_1879848.jpg,visible,487.7009380946012,512.0011648254342,514.1709667672272,537.1693888092427,
1894294,780466098,1,17,Bâtiment,48.79444444444445,2.138055555555556,"10,5",PRSI DE VERSAILLES CHANTIER,4 PLACE RAYMOND POINCARE,78000,78646,train,batiment,support_1894294.jpg,ambigu,,,,,
1903428,780466100,1,17,Bâtiment,48.99722222222222,2.0975,12,GARE CONFLANS ST HONORINE,2 AVENUE EUGENE BERRURIER,78700,78172,train,batiment,support_1903428.jpg,visible,377.1831181513799,420.403409090909,589.9623389306006,543.4163961038961,
1936392,782700475,2,26,Pylône tubulaire,49.02666666666666,1.7602777777777778,22,,V COMMUNALE N°3,78440,78246,train,pylone,support_1936392.jpg,visible,549.3529400641971,568.0314639905548,566.7621490370425,590.1556670602124,
1942432,780180030,1,17,Bâtiment,48.83972222222222,2.11,10,,CHEMIN DU TROU D ENFER,78150,78158,train,batiment,support_1942432.jpg,visible,490.2220791903409,458.6371753246752,596.6116895799513,641.4943181818181,
1944610,780031492,1,17,Bâtiment,48.80138888888889,2.1394444444444445,15,,Pas de l'Abbé Picard,78000,78646,train,batiment,support_1944610.jpg,visible,511.83246880073045,387.1566558441558,905.8064947747564,606.5852272727273,
1948465,782700498,2,26,Pylône tubulaire,48.92361111111111,1.6930555555555555,15,,2 che DE GUERVILLE,78930,78677,train,pylone,support_1948465.jpg,non_visible,,,,,
1954203,780990225,1,17,Bâtiment,48.94583333333333,2.151944444444444,"18,6",,20 rue de Paris,78600,78358,train,batiment,support_1954203.jpg,ambigu,,,,,
1960544,780990230,1,23,Pylône autostable,48.73194444444445,2.037777777777777,30,LA CULOTTE,ROUTE DE MILON,78114,78356,train,pylone,support_1960544.jpg,visible,452.8350245400652,457.7313322229718,480.4708484564086,483.2752013408669,
2005716,782290532,2,38,Immeuble,48.77611111111111,2.000833333333333,24,,22 RUE JEAN JAURES,78190,78621,train,batiment,support_2005716.jpg,visible,453.6506506189123,191.0008116883116,658.1181830864448,553.390422077922,
2025999,782750893,1,17,Bâtiment,48.9875,1.908611111111111,"20,3",RESIDENCE LEO LAGRANGE,7 R LEO LAGRANGE,78130,78440,train,batiment,support_2025999.jpg,visible,460.3000012682629,375.5202922077922,566.6896116578733,679.7280844155844,
2043003,780990242,2,38,Immeuble,48.873333333333335,2.085555555555556,17,,2 r des poteries,78160,78372,train,batiment,support_2043003.jpg,visible,448.6636376318992,423.7280844155844,594.9493519176135,583.3124999999999,
2057336,782750907,1,17,Bâtiment,48.77333333333333,2.0716666666666668,20,,15 BD DU CHATEAU,78280,78297,train,batiment,support_2057336.jpg,visible,460.3000012682629,530.1176948051948,593.287014255276,633.1826298701299,
2058963,782750909,1,38,Immeuble,48.801944444444445,2.0719444444444446,20,,32 R DU DOCTEUR VAILLANT,78210,78545,train,batiment,support_2058963.jpg,visible,493.5467545150162,400.4553571428571,553.390910359172,508.5073051948051,
2195075,780990270,1,26,Pylône tubulaire,48.74,1.9213888888888888,25,,27 RUE DES OSIER,78310,78168,train,pylone,support_2195075.jpg,visible,538.070376772295,454.6465469208212,573.0523960433468,472.5097056975283,
2214528,782750967,1,38,Immeuble,48.797777777777775,2.1283333333333334,"22,1",,22 RUE DES TOURNELLES,78000,78646,train,batiment,support_2214528.jpg,ambigu,,,,,
2233100,782750977,1,26,Pylône tubulaire,48.94916666666666,2.0105555555555554,31,ZONE ECOPOLE SEINE AVAL,CHEM AUX MOINES,78510,78624,train,pylone,support_2233100.jpg,non_visible,,,,,
2284586,780031443,3,38,Immeuble,48.96111111111112,1.8727777777777777,17,,61 ROUTE DE BAZEMONT,78410,78238,train,batiment,support_2284586.jpg,visible,450.325975294237,415.4163961038961,613.235066203328,576.6631493506493,
2297099,782290563,1,23,Pylône autostable,49.0075,2.086388888888889,30,,104 Rue de Cergy,78700,78172,train,pylone,support_2297099.jpg,visible,503.30748226573047,460.0066716562657,532.4437278383398,480.8182756367009,
2312041,782700507,1,38,Immeuble,48.98333333333333,1.9088888888888889,"16,7",,2 RESIDENCE DES CHENES,78130,78440,train,batiment,support_2312041.jpg,visible,443.6766246448863,403.7800324675324,688.0402610085227,473.5982142857142,
2335964,780466048,1,26,Pylône tubulaire,48.909444444444446,2.0747222222222224,21,,ROUTES DES PRINCES,78100,78551,train,pylone,support_2335964.jpg,visible,611.1366339081474,478.45170559959513,632.185714697488,507.59658669252815,
2342600,780990306,1,38,Immeuble,48.89277777777778,2.1347222222222224,"17,8",,26 rue du marechal Foch,78110,78650,train,batiment,support_2342600.jpg,ambigu,,,,,
2425176,780990328,1,23,Pylône autostable,48.71666666666667,1.7975,"36,7",,La Rue Neuveparcelle,78610,78108,train,pylone,support_2425176.jpg,visible,590.7403985656438,639.602130418283,626.3273778201556,682.0327595294316,
2437031,780990292,2,17,Bâtiment,48.78888888888888,2.035,18,,2 PLACE DE LA PAIX CELESTE,78180,78423,train,batiment,support_2437031.jpg,visible,476.9233778916396,284.09172077922074,786.1181830864448,724.6112012987012,
2456581,782751027,1,38,Immeuble,49.00555555555555,1.9147222222222224,"17,5",,50 R GAMBETTA,78250,78401,train,batiment,support_2456581.jpg,ambigu,,,,,
2495896,780990342,2,38,Immeuble,48.995,1.6766666666666663,"17,9",,7 rue Denis Papin,78200,78361,train,batiment,support_2495896.jpg,visible,430.377923346185,506.84496753246736,603.2610402293019,654.7930194805194,
2521964,782290594,1,23,Pylône autostable,48.77638888888889,1.6294444444444445,30,,ROUTE DE RAMBOUILLET,78550,78381,train,pylone,support_2521964.jpg,non_visible,,,,,
2576065,780990350,1,38,Immeuble,48.79166666666666,1.965,"18,7",,2 rue alain colas,78990,78208,train,batiment,support_2576065.jpg,visible,417.07922204748377,395.4683441558441,598.274027242289,573.3384740259739,
2606937,780990362,2,38,Immeuble,48.77111111111111,2.170555555555556,16,LE VALLON,"13, r des fonds",78350,78322,train,batiment,support_2606937.jpg,visible,333.9623389306006,353.90990259740244,609.9103908786526,786.1176948051948,
2622138,780600042,1,23,Pylône autostable,49.02638888888889,1.4830555555555556,20,Les Longs Champs,Route de Blaru,78270,78147,train,pylone,support_2622138.jpg,visible,430.377923346185,546.7410714285713,465.287014255276,576.6631493506493,
2690290,780990379,1,17,Bâtiment,48.72944444444445,1.9291666666666665,"16,8",FERME DES NEFLIERS,CHEMIN DES NEFLIERS,78320,78334,train,batiment,support_2690290.jpg,visible,181.0272739955357,521.8060064935064,581.6506506189123,944.0397727272727,
2692453,780990380,1,23,Pylône autostable,48.88222222222223,1.6627777777777777,30,LA HAYE MARIN,D 983,78790,78591,train,pylone,support_2692453.jpg,visible,558.2509801696376,591.385379068983,615.6167416808537,642.7624072356214,
2725200,780990198,3,23,Pylône autostable,48.67083333333333,1.6847222222222222,30,la Butte Ronde,chemin rural N°52,78125,78077,train,pylone,support_2725200.jpg,visible,486.8974038656655,493.5462662337661,528.4558454241071,546.7410714285713,
2734929,780990406,1,17,Bâtiment,48.94277777777778,2.026388888888889,"21,7",,76 rue des fleurs,78955,78123,train,batiment,support_2734929.jpg,visible,470.274027242289,307.364448051948,744.5597415280032,648.1436688311687,
2737355,780990209,3,23,Pylône autostable,49.05805555555556,1.53,41,,Rue des riviers de bas,78270,78337,train,pylone,support_2737355.jpg,visible,485.2350662033279,428.7150974025974,531.7805207487825,461.9618506493506,
2759351,780990412,1,23,Pylône autostable,49.0225,1.8191666666666664,"40,2",,SOUS LA CHARTRE,78440,78113,train,pylone,support_2759351.jpg,visible,495.209092177354,437.02678571428567,560.0402610085227,488.5592532467532,
2773166,780990033,2,38,Immeuble,48.91583333333333,2.176388888888889,27,,1 H rue de Buzenval,78420,78124,train,batiment,support_2773166.jpg,visible,463.6246765929382,433.7021103896103,604.9233778916396,624.8709415584415,
2842459,780990425,1,17,Bâtiment,48.78,2.035277777777777,"31,9",,ALLEE DES EPINES,78180,78423,train,batiment,support_2842459.jpg,ambigu,,,,,
2866133,780990432,1,17,Bâtiment,48.75888888888889,2.051111111111111,"16,3",,1 place Charles de Gaulle,78960,78688,train,batiment,support_2866133.jpg,ambigu,,,,,
2881644,782751112,1,38,Immeuble,48.95388888888889,2.068055555555556,"14,6",,12 R PIERRE SEMARD,78260,78005,train,batiment,support_2881644.jpg,visible,200.9753259435876,397.13068181818176,545.0792220474837,619.8839285714286,
2892855,780990438,1,26,Pylône tubulaire,48.95333333333333,2.180277777777777,"31,1",LES BOIS ROCHEFORT,20 Rue des Renards,78500,78586,train,pylone,support_2892855.jpg,non_visible,,,,,
2911600,780990375,2,23,Pylône autostable,48.626666666666665,2.0283333333333333,40,LA JUSTICE,rue de Villevert,78830,78087,train,pylone,support_2911600.jpg,visible,443.6766246448864,443.67613636363626,531.7805207487825,500.1956168831168,
2932996,780990460,1,38,Immeuble,48.986666666666665,1.9261111111111109,"20,5",,113 Av de la République,78130,78440,train,batiment,support_2932996.jpg,visible,437.02727399553567,438.6891233766233,589.9623389306006,786.1176948051948,
2935267,780990463,2,26,Pylône tubulaire,48.98722222222222,1.8197222222222225,30,,1 Rue du Moulin à Vent,78440,78267,train,pylone,support_2935267.jpg,visible,465.287014255276,513.494318181818,495.2090921773539,555.0527597402597,
2948192,780990467,2,26,Pylône tubulaire,48.75555555555555,2.080277777777778,25,,Avenue du golf,78280,78297,train,pylone,support_2948192.jpg,visible,456.4675563092295,484.6430121015349,504.7811336409886,535.9574327458256,
2950242,782700702,2,17,Bâtiment,48.98,1.9591666666666667,28,,6-12 rue Jean Zay,78480,78642,train,batiment,support_2950242.jpg,visible,390.4818194500812,440.3514610389611,643.1571441254058,789.4423701298701,
2966515,782751132,1,38,Immeuble,48.801944444444445,2.1475,"17,2",,23 R CHAMP LAGARDE,78000,78646,train,batiment,support_2966515.jpg,ambigu,,,,,
2969488,782751134,4,26,Pylône tubulaire,49.03666666666666,1.708611111111111,25,LA CROIX MAURICE,CHEMIN DE LA FERME D'HERVILLE,78520,78567,train,pylone,support_2969488.jpg,non_visible,,,,,
2989536,780990289,2,17,Bâtiment,48.88138888888889,2.1077777777777778,14,,15-17-19 AVENUE DE SAINT GERMAIN,78560,78502,train,batiment,support_2989536.jpg,visible,335.6246765929383,393.8060064935064,636.5077934760552,626.5332792207791,
2993319,782700246,1,17,Bâtiment,48.88666666666666,2.0772222222222223,14,,31 rue des Closeaux,78750,78367,train,batiment,support_2993319.jpg,visible,427.0532480215097,413.7540584415584,594.9493519176136,593.286525974026,
3003499,780990484,2,26,Pylône tubulaire,48.84333333333333,2.015277777777778,26,LES GRAND MAISONS,3bis Chemin de Grand'Maisons,78450,78674,train,pylone,support_3003499.jpg,visible,476.9233778916396,520.1436688311687,513.4948064630681,555.0527597402597,
3010875,782700721,1,38,Immeuble,48.9875,1.9230555555555555,21,,13 Avenue Léon Blum,78130,78440,train,batiment,support_3010875.jpg,visible,357.2350662033279,453.6501623376623,703.0012999695616,535.1047077922077,
3036075,782290655,4,23,Pylône autostable,48.67444444444444,1.898611111111111,24,,Rue de la Vieille église,78610,78030,train,pylone,support_3036075.jpg,non_visible,,,,,
3055461,780990493,1,38,Immeuble,48.82611111111112,1.961666666666667,"14,8",QUARTIER DE L AVRE,239/241 rue pierre mendes france,78370,78490,train,batiment,support_3055461.jpg,ambigu,,,,,
3073940,782700740,1,26,Pylône tubulaire,48.97944444444445,1.7297222222222224,30,,9  Rue de la Vaucouleurs,78711,78362,train,pylone,support_3073940.jpg,visible,558.8813733838706,567.5728432282002,579.8743232911061,604.0017857142856,
3099175,780990501,1,38,Immeuble,48.93666666666666,2.1566666666666667,16,LES DIX ARPENTS,5 à 11 rue de la Liberté,78500,78586,train,batiment,support_3099175.jpg,visible,377.1831181513799,367.2086038961038,678.0662350344967,653.1306818181818,
3118134,782751157,1,26,Pylône tubulaire,48.80166666666666,2.007222222222222,24,,4 RUE GEORGES MELIES,78390,78073,train,pylone,support_3118134.jpg,non_visible,,,,,
3171566,780990511,1,23,Pylône autostable,49.047777777777775,1.481388888888889,"30,7",,RUE DU PONT,78270,78068,train,pylone,support_3171566.jpg,non_visible,,,,,
3217042,782751170,1,38,Immeuble,48.82611111111112,2.131666666666667,18,,15 R DU DOCTEUR AUDIGIER,78150,78158,train,batiment,support_3217042.jpg,visible,463.6246765929382,456.9748376623376,608.2480532163149,603.2605519480519,
3261371,780990521,1,17,Bâtiment,48.82333333333334,1.9922222222222223,"14,4",,32 AV DU COMMERCE,78340,78165,train,batiment,support_3261371.jpg,ambigu,,,,,
3289909,780990523,1,38,Immeuble,48.8675,2.133888888888889,"17,2",LES LIONS,29/34 quai Boissy d Anglas,78380,78092,train,batiment,support_3289909.jpg,visible,498.5337675020292,348.9228896103895,579.9883129565746,766.1696428571427,
3297517,780034017,1,17,Bâtiment,48.82666666666667,1.9608333333333328,24,CC MON GRAND PLAISIR,"1170, Avenue de Saint-Germain",78370,78490,train,batiment,support_3297517.jpg,ambigu,,,,,
3302407,780034278,2,17,Bâtiment,48.78888888888888,2.0441666666666665,23,,"21, Place de Wicklow",78180,78423,train,batiment,support_3302407.jpg,ambigu,,,,,
3308232,780034281,1,17,Bâtiment,48.75416666666667,2.0758333333333336,12,Ecole Gen. et Technol. Privée Institut FFGolf Haut Niveau,"2, Avenue du Golf",78280,78356,train,batiment,support_3308232.jpg,ambigu,,,,,
3308234,780034284,1,17,Bâtiment,48.805,2.1216666666666666,"23,5",,Chateau de Versailles - Aile Gabriel,78000,78646,train,batiment,support_3308234.jpg,ambigu,,,,,
3313206,780034287,1,39,Local technique,48.77861111111111,2.1963888888888885,3,,"23, Rue General Valerie Andre",78140,78640,train,batiment,support_3313206.jpg,visible,666.4298713981332,476.9228896103896,812.7155856838474,693.0267857142858,
3313220,780034308,1,39,Local technique,48.72972222222222,1.698888888888889,3,,"14, ROUTE DE SAINT LEGER",78113,78171,train,batiment,support_3313220.jpg,visible,101.23506620332796,821.0267857142857,270.79350776176943,949.0267857142856,
3313230,780034316,1,17,Bâtiment,48.97916666666667,2.0741666666666667,3,,Chemin des Basses Plaines,78260,78005,train,batiment,support_3313230.jpg,non_visible,,,,,
3313240,780034325,1,17,Bâtiment,48.9825,1.8591666666666669,10,,Bd Pierre Lefaucheux,78410,78238,train,batiment,support_3313240.jpg,ambigu,,,,,
3356623,780990405,2,23,Pylône autostable,48.99361111111112,1.9258333333333333,"26,5",,62 rue Pierre Curie,78130,78440,train,pylone,support_3356623.jpg,visible,508.50779347605527,518.481331168831,543.4168843851462,558.3774350649348,
438503,782750414,2,48,pylône arbre,48.96861111111112,1.9663888888888887,30,LES PERRONS,,78540,78643,train,pylone,support_438503.jpg,visible,505.1831181513799,447.0008116883116,560.0402610085227,520.1436688311687,
438819,782290413,4,23,Pylône autostable,48.845,1.8727777777777777,29,vallée de l'âne,chem de fleubert,78650,78062,train,pylone,support_438819.jpg,visible,422.6466582006704,461.8433263510681,449.209741568915,492.1128864683701,
439909,780220040,4,23,Pylône autostable,48.99361111111112,1.625,31,,Chem rural des Hautes Perruches,78710,78531,train,pylone,support_439909.jpg,visible,553.390910359172,395.4683441558441,601.5987025669642,453.6501623376623,
450314,780220005,6,4,Château d'eau - réservoir,48.79944444444444,1.7033333333333334,60,Les Quatre Piliers,RN 12,78950,78263,train,chateau_eau,support_450314.jpg,visible,432.0402610085228,460.299512987013,599.9363649046265,621.5462662337661,
460852,780300050,4,4,Château d'eau - réservoir,48.55583333333333,1.9191666666666665,65,la Terre du Mesnil,Chateau Domaniale du Breau,78730,78499,train,chateau_eau,support_460852.jpg,visible,460.300001268263,461.96185064935065,578.325975294237,570.0137987012986,
461724,782290272,4,17,Bâtiment,48.98972222222222,1.7177777777777778,23,,3 r cadotte,78200,78361,train,batiment,support_461724.jpg,visible,372.1961051643668,323.98782467532465,599.9363649046265,579.9878246753246,
465314,782700056,4,38,Immeuble,48.97611111111112,1.985,"44,1",,74 A ALL DES RÉSÉDAS,78540,78643,train,batiment,support_465314.jpg,visible,461.9623389306007,392.1436688311687,626.5337675020291,566.6891233766233,
482255,782290241,1,23,Pylône autostable,48.85444444444445,1.915555555555556,"20,1",Les Fontenelles,chem rural n° 39,78850,78615,train,pylone,support_482255.jpg,visible,451.98831295657465,551.7280844155844,510.1701311383928,609.9099025974024,
483525,782050002,2,26,Pylône tubulaire,48.84222222222223,2.093611111111111,30,A13/Triangle de Rocquencourt,cei relais de l'a,78870,78043,train,pylone,support_483525.jpg,visible,512.8907869121805,453.8530749895265,549.2005313612798,483.4534101382487,
511289,782290302,2,26,Pylône tubulaire,48.76888888888889,1.9394444444444443,32,,r de picardie,78310,78383,train,pylone,support_511289.jpg,visible,502.1408235737477,520.2320458762017,557.9262848657024,588.4871985157699,
524118,782290391,4,23,Pylône autostable,48.85944444444445,1.857777777777778,"38,7",Les Cailloux,R DE LA COUPERIE-PRES DE LA D119,78650,78062,train,pylone,support_524118.jpg,visible,432.0402610085228,528.4553571428571,500.1961051643668,596.6112012987012,
524594,782290207,3,4,Château d'eau - réservoir,48.98277777777778,1.906388888888889,65,Bois des Remises,R Pierre Bérégovoy,78130,78440,train,chateau_eau,support_524594.jpg,visible,412.09220906047074,458.6371753246753,586.6376636059252,633.1826298701299,
530634,782700145,1,26,Pylône tubulaire,48.80166666666666,1.9494444444444443,25,,n.12 - ech sortie z.a. de ste-apolline,78370,78490,train,pylone,support_530634.jpg,visible,530.8294481419539,471.16964285714266,564.5866999224313,503.3567899036445,
532385,782750688,1,17,Bâtiment,48.761944444444445,1.9166666666666663,13,,327 AV GUTENBERG - AUCHAN,78310,78383,train,batiment,support_532385.jpg,ambigu,,,,,
532540,782700081,3,38,Immeuble,48.99805555555556,2.0975,25,,17 R AUGUSTE ROMAGNE,78700,78172,train,batiment,support_532540.jpg,visible,423.7285726968344,337.28652597402595,609.9103908786526,631.5202922077922,
533413,782750564,1,38,Immeuble,48.79805555555556,2.066111111111111,18,,"53, 57 AV PIERRE CURIE ",78210,78545,train,batiment,support_533413.jpg,visible,333.9623389306006,463.6241883116883,586.6376636059252,533.44237012987,
537920,780030768,1,17,Bâtiment,48.97805555555556,1.713611111111111,18,,ROUTE DE HOUDAN,78711,78362,train,batiment,support_537920.jpg,ambigu,,,,,
544017,780220059,5,23,Pylône autostable,49.02638888888889,1.5583333333333331,35,,Route de Villeneuve en Cheverie,78270,78089,train,pylone,support_544017.jpg,visible,485.2350662033279,460.2995129870129,560.0402610085227,520.1436688311687,
545405,782700087,1,38,Immeuble,48.87638888888889,2.089166666666667,24,,39 che des maigrets,78160,78372,train,batiment,support_545405.jpg,visible,353.9103908786526,443.67613636363626,613.2350662033278,669.7540584415583,
560672,782700155,1,38,Immeuble,49.00333333333333,2.111111111111111,22,,17 r de la résidence des clos,78700,78172,train,batiment,support_560672.jpg,ambigu,,,,,
615301,780220051,5,26,Pylône tubulaire,48.530277777777776,1.913611111111111,29,La Mare Claire,A10/E05,78660,78564,train,pylone,support_615301.jpg,visible,536.9670131879584,469.9855224321133,560.4081331070006,492.8998756114016,
619485,782700235,1,26,Pylône tubulaire,48.7675,2.0033333333333334,52,,1 b  av albert einstein,78190,78621,train,pylone,support_619485.jpg,visible,523.1648611433209,473.5795918367346,598.0175513102968,518.0352504638217,
632199,782290024,5,23,Pylône autostable,48.94194444444444,1.918611111111111,"35,8",Les chataigniers,La Croix de Romainville,78920,78206,train,pylone,support_632199.jpg,visible,511.8324688007304,417.07873376623365,560.0402610085227,493.5462662337661,
637838,782290328,3,38,Immeuble,48.8,2.165,"14,8",,r raphael corby,78220,78686,train,batiment,support_637838.jpg,visible,423.7285726968344,380.5073051948051,684.7155856838474,599.9358766233765,
664357,782290368,4,17,Bâtiment,48.93583333333333,2.1594444444444445,29,,8 Rue de l'Ilôt,78500,78586,train,batiment,support_664357.jpg,visible,482.38966145778426,440.4597117979422,618.366723356924,574.5909312278629,
759435,782700032,4,4,Château d'eau - réservoir,48.71388888888889,1.8858333333333333,72,,54 R DE L'ARTOIRE,78690,78220,train,chateau_eau,support_759435.jpg,visible,496.8714298396916,367.2086038961038,649.8064947747565,526.7930194805194,
815803,782290027,3,23,Pylône autostable,48.76111111111111,2.136388888888889,27,,19 r de la division leclerc,78350,78343,train,pylone,support_815803.jpg,visible,520.1441571124188,480.2475649350648,596.6116895799513,528.4553571428571,
816595,782290278,1,23,Pylône autostable,48.51916666666666,1.8341666666666667,33,La Croix des Vignes,r de la Paix,78660,78003,train,pylone,support_816595.jpg,visible,535.7010627880184,549.2269878508587,572.6971918202764,581.4184248010054,
816654,782750108,3,38,Immeuble,48.84861111111111,2.1516666666666664,"23,1",,6 Av Guynemer,78170,78126,train,batiment,support_816654.jpg,visible,388.8194817877435,490.2215909090909,546.7415597098214,611.5722402597402,
835006,782700192,2,26,Pylône tubulaire,48.76861111111111,2.0638888888888887,"22,3",,1 R JEAN MOULIN,78280,78297,train,pylone,support_835006.jpg,visible,495.2090921773539,541.7540584415584,523.4688324370941,566.6891233766233,
835008,782750655,1,38,Immeuble,48.901944444444446,2.0419444444444443,19,,20 ALL DE LA SENTE NOIRE,78240,78133,train,batiment,support_835008.jpg,visible,343.93636490462654,518.481331168831,628.1961051643668,654.7930194805194,
835031,782750156,1,38,Immeuble,48.89527777777778,2.154166666666667,17,,"57, 59 R DU GÉNÉRAL LECLERC",78400,78146,train,batiment,support_835031.jpg,visible,367.2090921773539,350.58522727272725,628.1961051643668,573.3384740259739,
836177,782700201,1,38,Immeuble,48.89305555555556,2.1347222222222224,"22,2",,"17, r du maréchal Foch",78110,78650,train,batiment,support_836177.jpg,ambigu,,,,,
867890,782700256,2,38,Immeuble,48.98111111111111,1.71,"23,6",,"6-8,  r de Normandie",78711,78362,train,batiment,support_867890.jpg,ambigu,,,,,
906519,782750713,1,26,Pylône tubulaire,48.99888888888889,1.6922222222222223,24,STADE MUNICIPAL J.P. DAVID,R ALBERT CAMUS,78200,78361,train,pylone,support_906519.jpg,visible,490.5951325466589,471.9898475712598,511.73056853923765,495.0466868358913,
918006,780230030,1,17,Bâtiment,48.9775,1.6975,10,,"76, rue des Graviers",78200,78354,train,batiment,support_918006.jpg,visible,420.40389737215895,342.27353896103887,890.8454558137173,801.0787337662337,
980954,780030593,3,38,Immeuble,48.83083333333334,2.126388888888889,40,,177 r de Versailles,78150,78158,train,batiment,support_980954.jpg,ambigu,,,,,
993776,782700257,2,23,Pylône autostable,48.774166666666666,1.9533333333333327,"32,1",,Rue du Fond des Roches,78990,78208,train,pylone,support_993776.jpg,visible,533.0775747797504,435.3946713189407,569.3920966215451,466.5214043261932,
