detection_id,zone_id,image,row,col,confidence,x1,y1,x2,y2,center_x,center_y,latitude,longitude,nearest_SUP_ID,nearest_ANFR_latitude,nearest_ANFR_longitude,nearest_ANFR_distance_m,nearest_ANFR_nature,nearest_ANFR_height
1,dense,dense_r00_c00.jpg,0,0,0.39524519443511963,158.17117309570312,393.51434326171875,346.5146789550781,659.9935913085938,252.34292602539062,526.7539672851562,48.80109240475231,2.1238115687174286,835052,48.80111111111111,2.1238888888888887,6.032962808355917,Immeuble,23
2,dense,dense_r00_c00.jpg,0,0,0.2352113127708435,337.137451171875,0.0,526.6990966796875,281.94488525390625,431.91827392578125,140.97244262695312,48.80177396201152,2.1242932273344195,835052,48.80111111111111,2.1238888888888887,79.43258164925709,Immeuble,23
3,dense,dense_r00_c00.jpg,0,0,0.1971171796321869,593.19921875,587.13232421875,776.948486328125,723.7049560546875,685.0738525390625,655.4186401367188,48.80086509180259,2.1249722435095464,835052,48.80111111111111,2.1238888888888887,83.92998616090769,Immeuble,23
4,dense,dense_r00_c00.jpg,0,0,0.18911631405353546,391.85595703125,404.9384765625,512.1273193359375,472.191162109375,451.99163818359375,438.5648193359375,48.80124820865983,2.124347068292991,835052,48.80111111111111,2.1238888888888887,36.8580163954926,Immeuble,23
5,dense,dense_r00_c00.jpg,0,0,0.15116342902183533,159.4339599609375,61.1956787109375,361.42999267578125,221.69845581054688,260.4319763183594,141.4470672607422,48.80177312350152,2.1238332652410463,835052,48.80111111111111,2.1238888888888887,73.72516606581081,Immeuble,23
6,dense,dense_r00_c00.jpg,0,0,0.12663762271404266,732.6058349609375,673.6746826171875,846.4036865234375,844.8265380859375,789.5047607421875,759.2506103515625,48.80068165024443,2.1252523490329622,835052,48.80111111111111,2.1238888888888887,110.69277371012198,Immeuble,23
7,dense,dense_r00_c00.jpg,0,0,0.1259809285402298,846.2247314453125,638.3634033203125,1024.0,1024.0,935.1123657226562,831.1817016601562,48.80055456807228,2.1256428990636778,835052,48.80111111111111,2.1238888888888887,142.59549148302975,Immeuble,23
8,dense,dense_r00_c00.jpg,0,0,0.08066671341657639,532.1865844726562,739.60546875,688.0385131835938,941.72021484375,610.112548828125,840.662841796875,48.800537817518524,2.124771181624965,835052,48.80111111111111,2.1238888888888887,90.77209397255929,Immeuble,23
9,dense,dense_r00_c00.jpg,0,0,0.06949658691883087,244.58676147460938,392.4870910644531,476.8421936035156,671.877197265625,360.7144775390625,532.1821441650391,48.80108281476778,2.1241022438698565,835052,48.80111111111111,2.1238888888888887,15.940044428459368,Immeuble,23
10,dense,dense_r00_c00.jpg,0,0,0.061681412160396576,360.8904113769531,640.041748046875,465.8393249511719,717.66552734375,413.3648681640625,678.8536376953125,48.80082368888622,2.1242434632222285,835052,48.80111111111111,2.1238888888888887,41.180791026371125,Immeuble,23
11,dense,dense_r00_c01.jpg,0,1,0.5824465155601501,502.042236328125,581.0244140625,679.2431640625,788.48486328125,590.6427001953125,684.754638671875,48.800813263505304,2.1274655414526933,2284920,48.8,2.1286111111111112,123.35996505927616,Bâtiment,"14,7"
12,dense,dense_r00_c01.jpg,0,1,0.4892931282520294,33.98679733276367,398.3475341796875,49.23969650268555,413.407470703125,41.61324691772461,405.87750244140625,48.80130595727149,2.1259929297036706,835052,48.80111111111111,2.1238888888888887,155.61820539284508,Immeuble,23
13,dense,dense_r00_c01.jpg,0,1,0.11240594834089279,723.25439453125,425.0784912109375,1022.7626953125,674.4271240234375,873.008544921875,549.7528076171875,48.801051772585055,2.1282229056669166,305789,48.80166666666666,2.1286111111111112,74.0493426876973,Immeuble,16
14,dense,dense_r00_c01.jpg,0,1,0.05962810665369034,638.769775390625,877.3165893554688,751.919189453125,951.6349487304688,695.344482421875,914.4757690429688,48.80040741028895,2.1277463735168567,2284920,48.8,2.1286111111111112,77.86969382998257,Bâtiment,"14,7"
15,dense,dense_r00_c01.jpg,0,1,0.054435212165117264,535.5682373046875,323.02099609375,831.2296142578125,598.7442626953125,683.39892578125,460.88262939453125,48.80120877979516,2.1277143330371473,305789,48.80166666666666,2.1286111111111112,83.10408345575904,Immeuble,16
16,dense,dense_r00_c01.jpg,0,1,0.051614243537187576,15.741706848144531,386.7625732421875,33.21156311035156,412.591552734375,24.476634979248047,399.67706298828125,48.801316911566886,2.1259469657286445,835052,48.80111111111111,2.1238888888888887,152.46330119856577,Immeuble,23
17,dense,dense_r00_c02.jpg,0,2,0.7614264488220215,405.61529541015625,270.54052734375,662.6965942382812,659.349853515625,534.1559448242188,464.9451904296875,48.80120160246712,2.130060614199465,3290346,48.80138888888889,2.13,21.293263175441695,Monument historique,45
18,dense,dense_r00_c02.jpg,0,2,0.5324925780296326,363.29193115234375,884.843994140625,613.9813232421875,1024.0,488.6366271972656,954.4219970703125,48.800336836101465,2.129938521875374,2284920,48.8,2.1286111111111112,104.1883029400155,Bâtiment,"14,7"
19,dense,dense_r00_c02.jpg,0,2,0.521504819393158,0.0,0.0,236.920166015625,385.85455322265625,118.4600830078125,192.92727661132812,48.801682174344656,2.1289456310114474,305789,48.80166666666666,2.1286111111111112,24.56103947843305,Immeuble,16
20,dense,dense_r00_c02.jpg,0,2,0.28887730836868286,372.735107421875,275.81793212890625,565.557373046875,567.6868896484375,469.146240234375,421.7524108886719,48.80127791111358,2.1298862445837585,3290346,48.80138888888889,2.13,14.889431113514625,Monument historique,45
21,dense,dense_r00_c02.jpg,0,2,0.207519993185997,654.5453491210938,436.8387451171875,922.4263305664062,745.15185546875,788.48583984375,590.9953002929688,48.800978909182724,2.130742780136643,3290346,48.80138888888889,2.13,70.97773011925955,Monument historique,45
22,dense,dense_r00_c02.jpg,0,2,0.06444964557886124,519.5377197265625,679.4041748046875,710.0982666015625,878.0765380859375,614.8179931640625,778.7403564453125,48.80064721733183,2.1302769666726817,3290346,48.80138888888889,2.13,84.9284326919735,Monument historique,45
23,dense,dense_r00_c03.jpg,0,3,0.5302276015281677,333.142578125,574.022705078125,443.160400390625,662.615966796875,388.1514892578125,618.3193359375,48.80093063555818,2.13241558176378,2865412,48.8,2.1344444444444446,181.0803902152361,Bâtiment,4
24,dense,dense_r00_c03.jpg,0,3,0.41811859607696533,734.8767700195312,93.16504669189453,937.9856567382812,215.0396728515625,836.4312133789062,154.10235977172852,48.801750765639895,2.1336179616810114,3004738,48.80305555555555,2.1341666666666668,150.54898563318685,Immeuble,"24,7"
25,dense,dense_r00_c03.jpg,0,3,0.11872751265764236,738.735107421875,702.6666259765625,1024.0,1024.0,881.3675537109375,863.3333129882812,48.80049776504008,2.133738490338146,2865412,48.8,2.1344444444444446,75.74312274984116,Bâtiment,4
26,dense,dense_r00_c03.jpg,0,3,0.07235226780176163,570.4131469726562,577.3856811523438,861.2666625976562,696.2005004882812,715.8399047851562,636.7930908203125,48.800897997779565,2.1332945105859835,2865412,48.8,2.1344444444444446,130.63028417908322,Bâtiment,4
27,dense,dense_r00_c03.jpg,0,3,0.05954984202980995,500.5651550292969,799.7581787109375,621.079345703125,982.2279052734375,560.8222503662109,890.9930419921875,48.80044889787392,2.1328787208358335,2865412,48.8,2.1344444444444446,125.07011634170016,Bâtiment,4
28,dense,dense_r00_c03.jpg,0,3,0.057914573699235916,738.42822265625,3.054901123046875,984.3709716796875,221.17312622070312,861.3995971679688,112.114013671875,48.801824945604174,2.1336849321050977,3004738,48.80305555555555,2.1341666666666668,141.3131066474237,Immeuble,"24,7"
29,dense,dense_r00_c03.jpg,0,3,0.05655670911073685,644.0009765625,900.959228515625,800.145263671875,1001.36279296875,722.0731201171875,951.1610107421875,48.80034259738659,2.133311229372339,2865412,48.8,2.1344444444444446,91.3247499606425,Bâtiment,4
30,dense,dense_r00_c03.jpg,0,3,0.05556314066052437,104.99188232421875,216.3905029296875,140.67575073242188,265.25396728515625,122.83381652832031,240.82223510742188,48.80159755903771,2.131703944310175,3290346,48.80138888888889,2.13,126.93701322336122,Monument historique,45
31,dense,dense_r00_c03.jpg,0,3,0.052348535507917404,701.7532958984375,446.13873291015625,721.5377197265625,472.8673095703125,711.6455078125,459.5030212402344,48.80121121714915,2.1332832603366114,2865412,48.8,2.1344444444444446,159.28644854134356,Bâtiment,4
32,dense,dense_r00_c03.jpg,0,3,0.05064263939857483,899.9744873046875,0.0,1024.0,285.6980895996094,961.9872436523438,142.8490447998047,48.801770646655285,2.133954729197285,3004738,48.80305555555555,2.1341666666666668,143.71625109703126,Immeuble,"24,7"
33,dense,dense_r00_c04.jpg,0,4,0.17440615594387054,867.4110107421875,363.1656799316406,1024.0,680.1607666015625,945.7055053710938,521.6632232666016,48.80110139859101,2.136657640203339,2865412,48.8,2.1344444444444446,203.1628283439199,Bâtiment,4
34,dense,dense_r00_c04.jpg,0,4,0.16730019450187683,447.3023986816406,385.7733154296875,760.7015380859375,574.9149169921875,604.0019683837891,480.3441162109375,48.801174397170136,2.135741119896011,2865412,48.8,2.1344444444444446,161.47001544733612,Bâtiment,4
35,dense,dense_r00_c04.jpg,0,4,0.1079193726181984,840.0155639648438,630.088623046875,853.3245239257812,645.5908203125,846.6700439453125,637.8397216796875,48.80089614868507,2.1363920063959085,2865412,48.8,2.1344444444444446,174.002634870888,Bâtiment,4
36,dense,dense_r01_c00.jpg,1,0,0.8360178470611572,369.61798095703125,534.4271240234375,505.90289306640625,707.4315185546875,437.76043701171875,620.9293212890625,48.79911688060937,2.124308897236915,1305991,48.79944444444444,2.1244444444444444,37.752300372265346,Immeuble,19
37,dense,dense_r01_c00.jpg,1,0,0.618169903755188,907.15234375,569.3819580078125,1021.356201171875,839.7955322265625,964.2542724609375,704.5887451171875,48.798969073103926,2.1257210637486423,1305991,48.79944444444444,2.1244444444444444,107.41155948551058,Immeuble,19
38,dense,dense_r01_c00.jpg,1,0,0.13201357424259186,268.13409423828125,300.32611083984375,428.95758056640625,483.32061767578125,348.54583740234375,391.8233642578125,48.79952165740456,2.1240696050335828,1305991,48.79944444444444,2.1244444444444444,28.765820215143044,Immeuble,19
39,dense,dense_r01_c00.jpg,1,0,0.07876306027173996,671.3436279296875,563.5543212890625,856.4110107421875,870.5889892578125,763.8773193359375,717.0716552734375,48.798947018554045,2.1251836108785938,1305991,48.79944444444444,2.1244444444444444,77.39795542564208,Immeuble,19
40,dense,dense_r01_c00.jpg,1,0,0.071175217628479,236.49301147460938,294.2918701171875,424.1721496582031,612.2503051757812,330.33258056640625,453.2710876464844,48.7994130939284,2.124020753271907,1305991,48.79944444444444,2.1244444444444444,31.227962472783936,Immeuble,19
41,dense,dense_r01_c00.jpg,1,0,0.06578297168016434,850.6650390625,816.9012451171875,957.3658447265625,907.35400390625,904.0154418945312,862.1276245117188,48.798690735928965,2.1255594906142505,1377797,48.79805555555556,2.125,81.65669587698724,Immeuble,23
42,dense,dense_r01_c01.jpg,1,1,0.5198400616645813,440.327880859375,278.4478759765625,565.6837158203125,387.4556884765625,503.00579833984375,332.9517822265625,48.79962566923277,2.1272304809644993,1760692,48.79888888888889,2.127222222222222,81.92858258067004,Bâtiment,"19,2"
43,dense,dense_r01_c01.jpg,1,1,0.17393867671489716,936.02001953125,108.74884033203125,1024.0,382.697509765625,980.010009765625,245.72317504882812,48.7997797806605,2.1285099059605272,2284920,48.8,2.1286111111111112,25.584656913281048,Bâtiment,"14,7"
44,dense,dense_r01_c01.jpg,1,1,0.0768740326166153,88.47594451904297,46.649688720703125,311.6695556640625,319.6054992675781,200.07275009155273,183.12759399414062,48.79989037131678,2.126417951211579,1760692,48.79888888888889,2.127222222222222,125.98086897784724,Bâtiment,"19,2"
45,dense,dense_r01_c01.jpg,1,1,0.05482599139213562,246.127685546875,67.20646667480469,380.67779541015625,186.36363220214844,313.4027404785156,126.78504943847656,48.79998991422094,2.1267219259334524,1760692,48.79888888888889,2.127222222222222,127.79482514509893,Bâtiment,"19,2"
46,dense,dense_r01_c02.jpg,1,2,0.9018919467926025,521.3199462890625,748.1827392578125,757.9224853515625,993.1678466796875,639.6212158203125,870.67529296875,48.79867563400075,2.1303434941000887,2274825,48.7975,2.13,133.1238236787388,Immeuble,20
47,dense,dense_r01_c02.jpg,1,2,0.8145265579223633,121.55895233154297,274.10418701171875,373.4259033203125,524.8750610351562,247.49242782592773,399.4896240234375,48.79950811296425,2.1292917227299313,2284920,48.8,2.1286111111111112,74.00433223783816,Bâtiment,"14,7"
48,dense,dense_r01_c02.jpg,1,2,0.7911633253097534,191.5620880126953,409.986328125,486.70196533203125,804.33544921875,339.1320266723633,607.160888671875,48.79914120631105,2.1295375192880783,2284920,48.8,2.1286111111111112,117.14578179470979,Bâtiment,"14,7"
49,dense,dense_r01_c02.jpg,1,2,0.39965903759002686,587.2022094726562,351.2235107421875,928.2427368164062,518.7473754882812,757.7224731445312,434.9854431152344,48.79944540032697,2.130660266357154,2284920,48.8,2.1286111111111112,162.2627252584222,Bâtiment,"14,7"
50,dense,dense_r01_c02.jpg,1,2,0.24318984150886536,270.1937255859375,637.79443359375,640.58056640625,979.94091796875,455.38714599609375,808.86767578125,48.798784834928206,2.129849339817156,2274825,48.7975,2.13,143.29287478853036,Immeuble,20
51,dense,dense_r01_c02.jpg,1,2,0.15342795848846436,656.3248291015625,368.900146484375,1018.4393310546875,568.8849487304688,837.382080078125,468.8925476074219,48.79938549449583,2.130873930072994,2284920,48.8,2.1286111111111112,179.26976834792612,Bâtiment,"14,7"
52,dense,dense_r01_c02.jpg,1,2,0.1301395297050476,192.14019775390625,515.697021484375,530.6190185546875,989.177490234375,361.3796081542969,752.437255859375,48.79888453528297,2.1295971919516887,2284920,48.8,2.1286111111111112,143.5299152297966,Bâtiment,"14,7"
53,dense,dense_r01_c02.jpg,1,2,0.07034789025783539,118.2327880859375,273.7225341796875,424.1951904296875,697.1077880859375,271.2139892578125,485.4151611328125,48.7993563029211,2.129355348915851,2284920,48.8,2.1286111111111112,89.96954860237729,Bâtiment,"14,7"
54,dense,dense_r01_c03.jpg,1,3,0.15881216526031494,670.8294067382812,486.580078125,784.0684204101562,593.325927734375,727.4489135742188,539.9530029296875,48.79925994725227,2.1333256483740115,2865412,48.8,2.1344444444444446,116.13182646729302,Bâtiment,4
55,dense,dense_r01_c03.jpg,1,3,0.13204576075077057,454.9675598144531,630.0546875,771.668212890625,1024.0,613.3178863525391,827.02734375,48.79875275067791,2.1330195251039186,2537641,48.797777777777775,2.1341666666666668,137.16075210856994,Immeuble,26
56,dense,dense_r01_c03.jpg,1,3,0.11846260726451874,212.46047973632812,458.82281494140625,308.1678771972656,578.9246215820312,260.3141784667969,518.8737182617188,48.799297189462486,2.132072695376337,2865412,48.8,2.1344444444444446,190.48433756591263,Bâtiment,4
57,dense,dense_r01_c03.jpg,1,3,0.10457060486078262,907.7261962890625,551.335693359375,1022.9410400390625,694.274658203125,965.3336181640625,622.80517578125,48.79911356639848,2.1339637048731674,2865412,48.8,2.1344444444444446,104.66751303494961,Bâtiment,4
58,dense,dense_r01_c04.jpg,1,4,0.18627206981182098,509.9862060546875,581.7886352539062,627.6434326171875,674.2606811523438,568.8148193359375,628.024658203125,48.79910434475163,2.1356467406076263,1435887,48.79861111111111,2.1352777777777776,61.141788734037654,Tunnel,"6,3"
59,dense,dense_r01_c04.jpg,1,4,0.13810263574123383,614.972900390625,841.5587768554688,776.8653564453125,970.3158569335938,695.9191284179688,905.9373168945312,48.79861333339001,2.135987660931278,1435887,48.79861111111111,2.1352777777777776,51.996016960004454,Tunnel,"6,3"
60,dense,dense_r01_c04.jpg,1,4,0.13549639284610748,442.7191162109375,670.1595458984375,610.418212890625,886.8204345703125,526.5686645507812,778.489990234375,48.79883850575717,2.135533427590417,1435887,48.79861111111111,2.1352777777777776,31.46373821950372,Tunnel,"6,3"
61,dense,dense_r01_c04.jpg,1,4,0.12624076008796692,611.974365234375,154.44912719726562,770.809326171875,419.4593200683594,691.391845703125,286.9542236328125,48.799706935629246,2.135975517812767,2865412,48.8,2.1344444444444446,116.77965092064606,Bâtiment,4
62,dense,dense_r02_c00.jpg,2,0,0.4211394786834717,888.677978515625,585.7296142578125,1024.0,731.2840576171875,956.3389892578125,658.5068359375,48.79724127808361,2.1256998333046795,1377797,48.79805555555556,2.125,104.04697029432488,Immeuble,23
63,dense,dense_r02_c00.jpg,2,0,0.182932510972023,500.5450439453125,549.0340576171875,767.3712158203125,757.2459716796875,633.9581298828125,653.1400146484375,48.79725076039712,2.124835140457435,1377797,48.79805555555556,2.125,90.30029224667366,Immeuble,23
64,dense,dense_r02_c00.jpg,2,0,0.1435207724571228,848.017333984375,718.3369750976562,987.8134765625,822.4692993164062,917.9154052734375,770.4031372070312,48.79704357483571,2.125596773221332,1377797,48.79805555555556,2.125,120.71906738628674,Immeuble,23
65,dense,dense_r02_c00.jpg,2,0,0.13899971544742584,51.484466552734375,6.31304931640625,297.963134765625,285.63885498046875,174.7238006591797,145.9759521484375,48.79814682996469,2.1236033779996433,867956,48.7975,2.123333333333333,74.59453559678114,Immeuble,"19,2"
66,dense,dense_r02_c00.jpg,2,0,0.07710546255111694,579.4286499023438,255.2377471923828,619.1259155273438,290.19818115234375,599.2772827148438,272.7179641723633,48.797922900653774,2.124742119176517,1377797,48.79805555555556,2.125,23.96588169266418,Immeuble,23
67,dense,dense_r02_c00.jpg,2,0,0.0626119077205658,982.7137451171875,778.19384765625,1024.0,897.674560546875,1003.3568725585938,837.9342041015625,48.796924257634906,2.12582594509513,1377797,48.79805555555556,2.125,139.58617317497718,Immeuble,23
68,dense,dense_r02_c00.jpg,2,0,0.05990149453282356,540.6468505859375,222.3809356689453,764.3831787109375,580.2761840820312,652.5150146484375,401.3285598754883,48.79769566888487,2.1248849139010417,1377797,48.79805555555556,2.125,40.89582906692982,Immeuble,23
69,dense,dense_r02_c00.jpg,2,0,0.054098572582006454,726.57373046875,0.0,999.693603515625,219.17117309570312,863.1336669921875,109.58558654785156,48.79821112471551,2.1254498371490627,1377797,48.79805555555556,2.125,37.21361605249182,Immeuble,23
70,dense,dense_r02_c00.jpg,2,0,0.05106283724308014,974.8218994140625,192.97898864746094,1023.8385009765625,384.866943359375,999.3302001953125,288.92296600341797,48.79789426938957,2.125815144718217,1377797,48.79805555555556,2.125,62.34141648183696,Immeuble,23
71,dense,dense_r02_c01.jpg,2,1,0.7299454212188721,209.3634796142578,683.5660400390625,363.30926513671875,856.7674560546875,286.3363723754883,770.166748046875,48.79704399249917,2.126649328276926,2214528,48.797777777777775,2.1283333333333334,147.89251700988112,Immeuble,"22,1"
72,dense,dense_r02_c01.jpg,2,1,0.3012443780899048,291.5684814453125,932.139404296875,433.091064453125,1024.0,362.32977294921875,978.0697021484375,48.79667665845903,2.1268531584610173,2214528,48.797777777777775,2.1283333333333334,163.54170221472856,Immeuble,"22,1"
73,dense,dense_r02_c01.jpg,2,1,0.26839959621429443,137.93051147460938,464.641845703125,236.59616088867188,617.340087890625,187.26333618164062,540.990966796875,48.797448909389395,2.126383593686114,1377797,48.79805555555556,2.125,121.74050907715522,Immeuble,23
74,dense,dense_r02_c01.jpg,2,1,0.19150488078594208,541.9139404296875,608.44189453125,787.0233154296875,993.1026611328125,664.4686279296875,800.7722778320312,48.79698991718382,2.1276635580215952,2214528,48.797777777777775,2.1283333333333334,100.40731421364455,Immeuble,"22,1"
75,dense,dense_r02_c01.jpg,2,1,0.1772584766149521,165.40045166015625,270.2681884765625,330.61151123046875,454.314208984375,248.0059814453125,362.29119873046875,48.797764640982926,2.126546518156829,1377797,48.79805555555556,2.125,117.80471687507125,Immeuble,23
76,dense,dense_r02_c01.jpg,2,1,0.08518365025520325,278.4200439453125,198.44821166992188,363.88262939453125,292.47845458984375,321.1513366699219,245.4633331298828,48.79797105454799,2.12674270928801,1760692,48.79888888888889,2.127222222222222,107.93299362137056,Bâtiment,"19,2"
77,dense,dense_r02_c01.jpg,2,1,0.05845280736684799,133.610107421875,867.3165893554688,304.01544189453125,1018.8120727539062,218.81277465820312,943.0643310546875,48.79673850800609,2.126468215874411,2214528,48.797777777777775,2.1283333333333334,178.93567174129606,Immeuble,"22,1"
78,dense,dense_r02_c01.jpg,2,1,0.052733276039361954,0.0,0.0,110.9327163696289,66.62810516357422,55.46635818481445,33.31405258178711,48.79834588152436,2.1260300866435955,1377797,48.79805555555556,2.125,82.06575382884266,Immeuble,23
79,dense,dense_r02_c02.jpg,2,2,0.633910596370697,312.8536376953125,706.405517578125,553.74755859375,914.82275390625,433.30059814453125,810.6141357421875,48.796972528105684,2.1297900990794005,2274825,48.7975,2.13,60.633893379676955,Immeuble,20
80,dense,dense_r02_c02.jpg,2,2,0.6323884129524231,593.9426879882812,10.653289794921875,866.1033325195312,313.4588317871094,730.0230102539062,162.05606079101562,48.79811841949072,2.130585970608081,2274825,48.7975,2.13,81.06041858154751,Immeuble,20
81,dense,dense_r02_c02.jpg,2,2,0.560947060585022,122.73600769042969,567.8133544921875,434.84197998046875,882.0869140625,278.7889938354492,724.9501342773438,48.79712388327056,2.129375666661417,2274825,48.7975,2.13,61.97085785654805,Immeuble,20
82,dense,dense_r02_c02.jpg,2,2,0.22122244536876678,673.4071044921875,770.9686279296875,854.4146728515625,1024.0,763.910888671875,897.4843139648438,48.796819041344925,2.1306768649810692,2274825,48.7975,2.13,90.50650609996002,Immeuble,20
83,dense,dense_r02_c02.jpg,2,2,0.2036900520324707,208.93905639648438,917.962890625,327.7163391113281,1018.511962890625,268.32769775390625,968.2374267578125,48.79669403070877,2.12934760727876,2274825,48.7975,2.13,101.56383384219275,Immeuble,20
84,dense,dense_r02_c02.jpg,2,2,0.18301665782928467,0.0,143.24005126953125,347.97589111328125,568.74560546875,173.98794555664062,355.9928283691406,48.79777576907815,2.1290945683449536,2214528,48.797777777777775,2.1283333333333334,55.75807539959698,Immeuble,"22,1"
85,dense,dense_r02_c02.jpg,2,2,0.1519535779953003,433.0639343261719,474.657470703125,712.0908203125,760.6627197265625,572.5773773193359,617.6600952148438,48.79731344768612,2.1301636685120684,2274825,48.7975,2.13,23.958671464820167,Immeuble,20
86,dense,dense_r02_c03.jpg,2,3,0.6965839266777039,171.0175323486328,700.3585205078125,394.15924072265625,835.9332275390625,282.58838653564453,768.1458740234375,48.797047563074095,2.132132439458019,2274825,48.7975,2.13,164.09689260582866,Immeuble,20
87,dense,dense_r02_c03.jpg,2,3,0.5552184581756592,771.1202392578125,726.1922607421875,1024.0,1024.0,897.5601196289062,875.0961303710938,48.79685859800005,2.1337819221844256,2537641,48.797777777777775,2.1341666666666668,106.02225793626104,Immeuble,26
88,dense,dense_r02_c03.jpg,2,3,0.3558405041694641,348.05609130859375,723.7813720703125,675.75634765625,969.7681884765625,511.9062194824219,846.7747802734375,48.79690863765037,2.1327475178168243,2537641,48.797777777777775,2.1341666666666668,141.9342268704926,Immeuble,26
89,dense,dense_r02_c03.jpg,2,3,0.32550325989723206,651.4552001953125,527.99365234375,818.9947509765625,742.7750244140625,735.2249755859375,635.3843383789062,48.79728213182002,2.1333465053976397,2537641,48.797777777777775,2.1341666666666668,81.5253197071357,Immeuble,26
90,dense,dense_r02_c03.jpg,2,3,0.16928158700466156,256.30950927734375,220.73809814453125,558.550537109375,533.8983154296875,407.4300231933594,377.3182067871094,48.797738090934345,2.132467290821296,2537641,48.797777777777775,2.1341666666666668,124.55119795435697,Immeuble,26
91,dense,dense_r02_c03.jpg,2,3,0.13211190700531006,222.44647216796875,0.4818572998046875,354.29034423828125,134.48851013183594,288.368408203125,67.48518371582031,48.79828550789698,2.1321479426842416,2537641,48.797777777777775,2.1341666666666668,158.27490723981802,Immeuble,26
92,dense,dense_r02_c04.jpg,2,4,0.4319028854370117,906.2257080078125,849.1575927734375,1021.1192626953125,951.8656005859375,963.6724853515625,900.5115966796875,48.79681369257548,2.136705831399013,469502,48.79694444444444,2.136388888888889,27.39215955102551,Immeuble,"28,4"
93,dense,dense_r02_c04.jpg,2,4,0.2424376904964447,147.30751037597656,622.121337890625,384.7271728515625,867.260986328125,266.01734161376953,744.691162109375,48.79708900393966,2.134834574483193,2537641,48.797777777777775,2.1341666666666668,90.87977306162392,Immeuble,26
94,dense,dense_r02_c04.jpg,2,4,0.15960192680358887,785.8482055664062,705.3797607421875,905.2859497070312,829.6356201171875,845.5670776367188,767.5076904296875,48.79704869064672,2.1363890480097325,469502,48.79694444444444,2.136388888888889,11.591670685706685,Immeuble,"28,4"
95,dense,dense_r02_c04.jpg,2,4,0.127471923828125,695.8404541015625,84.9564208984375,909.2296142578125,435.7486572265625,802.5350341796875,260.3525390625,48.79794474807956,2.136273627074843,1435887,48.79861111111111,2.1352777777777776,103.97464045057566,Tunnel,"6,3"
96,dense,dense_r02_c04.jpg,2,4,0.08453638106584549,200.2363739013672,580.8567504882812,417.22613525390625,812.1901245117188,308.7312545776367,696.5234375,48.79717410878724,2.134949142125606,2537641,48.797777777777775,2.1341666666666668,88.26457449248664,Immeuble,26
97,dense,dense_r02_c04.jpg,2,4,0.06018346920609474,461.9644470214844,268.76025390625,570.8729248046875,337.593994140625,516.4186859130859,303.1771240234375,48.79786908489488,2.135506203226214,1435887,48.79861111111111,2.1352777777777776,84.18893289137702,Tunnel,"6,3"
98,dense,dense_r03_c00.jpg,3,0,0.376645028591156,855.6240234375,465.35064697265625,1024.0,719.2892456054688,939.81201171875,592.3199462890625,48.79554894704456,2.1256555044965353,834924,48.79472222222222,2.1261111111111117,97.79816711630158,Immeuble,25
99,dense,dense_r03_c00.jpg,3,0,0.1973617672920227,565.291015625,752.8875732421875,683.5338134765625,922.2642822265625,624.4124145507812,837.575927734375,48.79511560248173,2.124809536853718,834924,48.79472222222222,2.1261111111111117,104.89635138095893,Immeuble,25
100,dense,dense_r03_c00.jpg,3,0,0.18682707846164703,469.15380859375,125.96237182617188,547.2567749023438,228.82608032226562,508.2052917480469,177.39422607421875,48.79628207376935,2.1244978450613416,867956,48.7975,2.123333333333333,160.05083958363284,Immeuble,"19,2"
101,dense,dense_r03_c00.jpg,3,0,0.12177376449108124,654.0328369140625,607.4136962890625,745.4769287109375,740.4566650390625,699.7548828125,673.9351806640625,48.79540474091375,2.1250116211012937,834924,48.79472222222222,2.1261111111111117,110.66191186603143,Immeuble,25
102,dense,dense_r03_c00.jpg,3,0,0.09295479208230972,961.5926513671875,286.2255554199219,1023.2803955078125,437.8154602050781,992.4365234375,362.0205078125,48.79595586137592,2.1257966544362716,834924,48.79472222222222,2.1261111111111117,139.0950490483389,Immeuble,25
103,dense,dense_r03_c00.jpg,3,0,0.06084199622273445,565.4765625,197.9842529296875,696.2965087890625,303.19879150390625,630.8865356445312,250.59152221679688,48.7961527432207,2.124826901799679,834924,48.79472222222222,2.1261111111111117,184.8000374672412,Immeuble,25
104,dense,dense_r03_c01.jpg,3,1,0.2555181384086609,176.443115234375,600.9632568359375,316.3016357421875,691.4114990234375,246.37237548828125,646.1873779296875,48.795453768611786,2.126542136484204,834924,48.79472222222222,2.1261111111111117,87.25674683553729,Immeuble,25
105,dense,dense_r03_c01.jpg,3,1,0.20258505642414093,236.06536865234375,821.9844970703125,328.2755126953125,947.5609130859375,282.1704406738281,884.772705078125,48.795032209725875,2.1266381543773605,834924,48.79472222222222,2.1261111111111117,51.75476304489366,Immeuble,25
106,dense,dense_r03_c01.jpg,3,1,0.14885172247886658,225.5709228515625,497.76348876953125,347.45233154296875,604.2566528320312,286.5116271972656,551.0100708007812,48.79562193739321,2.126649798346989,834924,48.79472222222222,2.1261111111111117,107.54434146193334,Immeuble,25
107,dense,dense_r03_c01.jpg,3,1,0.12772777676582336,566.4566040039062,435.45831298828125,793.4534301757812,727.7974243164062,679.9550170898438,581.6278686523438,48.79556783886849,2.1277050957542087,834924,48.79472222222222,2.1261111111111117,149.91376543320985,Immeuble,25
108,dense,dense_r03_c01.jpg,3,1,0.08451926708221436,547.08203125,293.09033203125,671.6875,479.73291015625,609.384765625,386.41162109375,48.795912765059114,2.1275158115895465,834924,48.79472222222222,2.1261111111111117,167.66731308237848,Immeuble,25
109,dense,dense_r03_c01.jpg,3,1,0.0815000832080841,393.14520263671875,820.1021728515625,543.4053344726562,1024.0,468.2752685546875,922.0510864257812,48.79496634184774,2.1271373264244176,834924,48.79472222222222,2.1261111111111117,79.9218439090329,Immeuble,25
110,dense,dense_r03_c01.jpg,3,1,0.059743452817201614,465.0793762207031,468.31683349609375,601.755859375,545.0164794921875,533.4176177978516,506.6666564941406,48.79570028757824,2.127312051820809,834924,48.79472222222222,2.1261111111111117,139.87999296069964,Immeuble,25
111,dense,dense_r03_c02.jpg,3,2,0.28821131587028503,260.11785888671875,507.2079772949219,367.84222412109375,575.83984375,313.98004150390625,541.5239105224609,48.79563869845864,2.129470056406717,2274825,48.7975,2.13,210.57626105497283,Immeuble,20
112,dense,dense_r03_c02.jpg,3,2,0.1225721687078476,88.97860717773438,0.0,382.5556335449219,301.2371826171875,235.76712036132812,150.61859130859375,48.796329382913555,2.1292602730045473,2274825,48.7975,2.13,140.9937174093656,Immeuble,20
113,dense,dense_r03_c02.jpg,3,2,0.11161858588457108,560.2617797851562,793.94482421875,719.4766235351562,993.107421875,639.8692016601562,893.526123046875,48.79501674315363,2.130344159249944,2865414,48.79555555555555,2.1333333333333333,227.0058443802903,Intérieur sous-terrain,0
114,dense,dense_r03_c03.jpg,3,3,0.16917555034160614,509.2359619140625,408.9659729003906,861.085693359375,673.7288818359375,685.1608276367188,541.3474273681641,48.79563901028611,2.1332122228886874,2865414,48.79555555555555,2.1333333333333333,12.837965856946848,Intérieur sous-terrain,0
115,dense,dense_r03_c03.jpg,3,3,0.07905583083629608,604.2373657226562,630.4344482421875,745.9707641601562,755.6351318359375,675.1040649414062,693.0347900390625,48.795370993713576,2.1331852485491254,2865414,48.79555555555555,2.1333333333333333,23.2126792498686,Intérieur sous-terrain,0
116,dense,dense_r03_c04.jpg,3,4,0.14416196942329407,0.0,103.36520385742188,194.06936645507812,398.75799560546875,97.03468322753906,251.0615997314453,48.796151912650934,2.134381327673509,2865414,48.79555555555555,2.1333333333333333,101.4400580768383,Intérieur sous-terrain,0
117,dense,dense_r03_c04.jpg,3,4,0.10253032296895981,125.9625244140625,342.05987548828125,448.0484619140625,495.18670654296875,287.0054931640625,418.623291015625,48.795855850653446,2.1348908690924873,2865414,48.79555555555555,2.1333333333333333,118.87449090198214,Intérieur sous-terrain,0
118,dense,dense_r04_c00.jpg,4,0,0.6504473090171814,161.197021484375,178.40185546875,337.1896057128906,349.78955078125,249.1933135986328,264.095703125,48.79431956608707,2.123803120798584,573197,48.79444444444445,2.123055555555556,56.49321004522961,Immeuble,19
119,dense,dense_r04_c00.jpg,4,0,0.4083605110645294,406.0421142578125,583.74951171875,512.9764404296875,787.060546875,459.50927734375,685.405029296875,48.793575131049096,2.124367232172517,573197,48.79444444444445,2.123055555555556,136.29263067374822,Immeuble,19
120,dense,dense_r04_c00.jpg,4,0,0.12302866578102112,620.2926025390625,475.1265869140625,744.9462890625,580.649169921875,682.6194458007812,527.8878784179688,48.79385345821545,2.1249656602776668,834924,48.79472222222222,2.1261111111111117,127.95386375113685,Immeuble,25
121,dense,dense_r04_c00.jpg,4,0,0.12217840552330017,827.3609619140625,428.66961669921875,938.502197265625,508.14764404296875,882.9315795898438,468.40863037109375,48.793958555515744,2.125502939288708,834924,48.79472222222222,2.1261111111111117,95.892493264418,Immeuble,25
122,dense,dense_r04_c00.jpg,4,0,0.11612330377101898,817.6051025390625,569.0340576171875,897.6260986328125,640.7320556640625,857.6156005859375,604.883056640625,48.793717410684934,2.125435036541603,834924,48.79472222222222,2.1261111111111117,122.21369669003062,Immeuble,25
123,dense,dense_r04_c00.jpg,4,0,0.10938799381256104,947.7474365234375,161.62460327148438,1023.4049072265625,263.2243347167969,985.576171875,212.42446899414062,48.79441086612333,2.1257782535394654,834924,48.79472222222222,2.1261111111111117,42.34525585574727,Immeuble,25
124,dense,dense_r04_c00.jpg,4,0,0.10373904556035995,101.18866729736328,755.1138305664062,179.6226806640625,814.2459106445312,140.4056739807129,784.6798706054688,48.79339971516537,2.123511329610892,573197,48.79444444444445,2.123055555555556,120.87111317780969,Immeuble,19
125,dense,dense_r04_c00.jpg,4,0,0.06687433272600174,527.6904296875,440.82916259765625,620.6341552734375,521.5226440429688,574.1622924804688,481.1759033203125,48.79393599630629,2.1246747555233014,573197,48.79444444444445,2.123055555555556,131.39437735153965,Immeuble,19
126,dense,dense_r04_c01.jpg,4,1,0.29162299633026123,140.405029296875,110.9700927734375,263.5869445800781,343.8829040527344,201.99598693847656,227.42649841308594,48.79438435843548,2.1264231097347874,834924,48.79472222222222,2.1261111111111117,43.974182630521106,Immeuble,25
127,dense,dense_r04_c01.jpg,4,1,0.22284701466560364,608.05615234375,595.237548828125,879.85009765625,865.611572265625,743.953125,730.424560546875,48.793495582865376,2.1278767520561814,834924,48.79472222222222,2.1261111111111117,187.96744601675408,Immeuble,25
128,dense,dense_r04_c01.jpg,4,1,0.14086228609085083,229.407470703125,738.6409912109375,299.1484375,819.578857421875,264.2779541015625,779.1099243164062,48.793409557121805,2.1265901629885775,834924,48.79472222222222,2.1261111111111117,150.12088522787587,Immeuble,25
129,dense,dense_r04_c01.jpg,4,1,0.08366093784570694,895.19921875,321.21661376953125,995.71826171875,415.07208251953125,945.458740234375,368.14434814453125,48.794135717737554,2.1284172322339145,834924,48.79472222222222,2.1261111111111117,181.0778605247317,Immeuble,25
130,dense,dense_r04_c02.jpg,4,2,0.4588986039161682,892.65673828125,37.83416748046875,1017.875,298.3617248535156,955.265869140625,168.0979461669922,48.79448918835363,2.131190119034727,2865414,48.79555555555555,2.1333333333333333,196.73886108631288,Intérieur sous-terrain,0
131,dense,dense_r04_c02.jpg,4,2,0.3208507001399994,449.501220703125,27.400543212890625,807.5672607421875,474.3785095214844,628.5342407226562,250.8895263671875,48.79434290064165,2.130313756515534,794061,48.79277777777778,2.1327777777777777,250.7318529428723,Château d'eau - réservoir,"36,5"
132,dense,dense_r04_c02.jpg,4,2,0.12073349952697754,894.653564453125,38.2864990234375,1024.0,170.293212890625,959.3267822265625,104.28985595703125,48.79460193309654,2.131201011252415,2865414,48.79555555555555,2.1333333333333333,188.7865252125573,Intérieur sous-terrain,0
133,dense,dense_r04_c02.jpg,4,2,0.09362035244703293,344.88653564453125,0.0,461.63214111328125,84.77745056152344,403.25933837890625,42.38872528076172,48.79471130812392,2.1297095221416384,834924,48.79472222222222,2.1261111111111117,263.5890709569139,Immeuble,25
134,dense,dense_r04_c02.jpg,4,2,0.08933676034212112,660.2772827148438,133.42599487304688,813.4623413085938,458.0216979980469,736.8698120117188,295.7238464355469,48.79426368093327,2.130604335161479,794061,48.79277777777778,2.1327777777777777,229.44975451582224,Château d'eau - réservoir,"36,5"
135,dense,dense_r04_c02.jpg,4,2,0.06008218228816986,911.5765380859375,744.4677734375,930.0723876953125,761.232421875,920.824462890625,752.85009765625,48.79345595755577,2.1310977399843978,794061,48.79277777777778,2.1327777777777777,144.3344178487942,Château d'eau - réservoir,"36,5"
136,dense,dense_r04_c03.jpg,4,3,0.3960850238800049,591.2352294921875,880.8114013671875,639.0897216796875,919.7711181640625,615.1624755859375,900.291259765625,48.7931954322829,2.133024472677789,794061,48.79277777777778,2.1327777777777777,49.83318922240672,Château d'eau - réservoir,"36,5"
137,dense,dense_r04_c03.jpg,4,3,0.08314027637243271,606.4903564453125,541.34228515625,693.218994140625,616.99267578125,649.8546752929688,579.16748046875,48.793762849164,2.13311752440859,794061,48.79277777777778,2.1327777777777777,112.32684243083347,Château d'eau - réservoir,"36,5"
138,dense,dense_r04_c03.jpg,4,3,0.05112958699464798,42.09027099609375,25.243408203125,416.01446533203125,284.63800048828125,229.0523681640625,154.94070434570312,48.79451243636442,2.131988844666921,2865414,48.79555555555555,2.1333333333333333,152.16026833298497,Intérieur sous-terrain,0
139,dense,dense_r04_c04.jpg,4,4,0.20846503973007202,232.0597686767578,355.99871826171875,373.02630615234375,530.5386352539062,302.5430374145508,443.2686767578125,48.79400297667782,2.134932544033745,1929536,48.79444444444445,2.1347222222222224,51.44988593586303,Bâtiment,15
140,dense,dense_r04_c04.jpg,4,4,0.1931241899728775,334.01470947265625,740.3597412109375,432.62933349609375,811.0184326171875,383.322021484375,775.6890869140625,48.79341560165537,2.135149210153031,1929536,48.79444444444445,2.1347222222222224,118.60088163838321,Bâtiment,15
141,dense,dense_r04_c04.jpg,4,4,0.07069697231054306,687.0523681640625,158.9736328125,868.3153076171875,330.18194580078125,777.683837890625,244.57778930664062,48.79435405311411,2.1362069709721254,1929536,48.79444444444445,2.1347222222222224,109.22308534999391,Bâtiment,15
142,intermediaire,intermediaire_r01_c04.jpg,1,4,0.156169593334198,662.1998291015625,993.2258911132812,689.2122802734375,1021.9938354492188,675.7060546875,1007.60986328125,48.48010552566646,1.8589873178279959,1755202,48.48,1.8591666666666669,17.676086914328046,Pylône autostable,"32,5"
143,intermediaire,intermediaire_r01_c04.jpg,1,4,0.12319215387105942,564.2933959960938,985.8594970703125,580.0210571289062,999.1326904296875,572.1572265625,992.49609375,48.480132397682866,1.8587095782277174,1755202,48.48,1.8591666666666669,36.76761561936988,Pylône autostable,"32,5"
144,intermediaire,intermediaire_r02_c00.jpg,2,0,0.08411256223917007,822.2581176757812,396.3111877441406,897.3289184570312,468.8779602050781,859.7935180664062,432.5945739746094,48.47930723225489,1.8484947507567995,1736078,48.47972222222222,1.8522222222222224,278.59949553745327,Pylône autostable,40
145,intermediaire,intermediaire_r02_c01.jpg,2,1,0.08468116819858551,735.2112426757812,637.492431640625,840.1882934570312,726.369140625,787.6997680664062,681.9307861328125,48.47886390782398,1.851047962281882,1736078,48.47972222222222,1.8522222222222224,128.84335993092992,Pylône autostable,40
146,intermediaire,intermediaire_r02_c02.jpg,2,2,0.5578588247299194,204.3150177001953,225.53204345703125,240.7922821044922,256.3003845214844,222.55364990234375,240.9162139892578,48.47964803731633,1.8522787043002609,1736078,48.47972222222222,1.8522222222222224,9.240063790767879,Pylône autostable,40
147,intermediaire,intermediaire_r02_c02.jpg,2,2,0.2220558226108551,38.76969909667969,741.2142333984375,67.51568603515625,766.8555908203125,53.14269256591797,754.034912109375,48.47873570462234,1.8518243087032715,1122334,48.47916666666667,1.853055555555556,102.63073539223028,Silo,25
148,intermediaire,intermediaire_r02_c02.jpg,2,2,0.20496512949466705,413.5072937011719,754.6600341796875,490.3865661621094,832.6822509765625,451.9469299316406,793.671142578125,48.47866523013106,1.8528939850239112,1122334,48.47916666666667,1.853055555555556,57.014994210345314,Silo,25
149,intermediaire,intermediaire_r02_c02.jpg,2,2,0.055601682513952255,479.0968017578125,782.2138671875,491.2479248046875,797.181396484375,485.17236328125,789.6976318359375,48.47867229516524,1.8529831025807653,1122334,48.47916666666667,1.853055555555556,55.23049032613464,Silo,25
150,intermediaire,intermediaire_r02_c03.jpg,2,3,0.06277646869421005,374.73687744140625,278.3383483886719,453.48004150390625,340.9183044433594,414.10845947265625,309.6283264160156,48.47952586710768,1.8555390763685864,1122334,48.47916666666667,1.853055555555556,187.36724689463693,Silo,25
151,intermediaire,intermediaire_r02_c03.jpg,2,3,0.053116634488105774,540.5679931640625,518.732666015625,575.1295166015625,547.3582763671875,557.8487548828125,533.0454711914062,48.479128629154026,1.8559246178847388,1122334,48.47916666666667,1.853055555555556,211.52200539734244,Silo,25
152,intermediaire,intermediaire_r03_c01.jpg,3,1,0.06879501789808273,689.4180908203125,911.74755859375,702.4720458984375,926.513671875,695.945068359375,919.130615234375,48.47662141166682,1.850801856999169,1122334,48.47916666666667,1.853055555555556,328.1733986398953,Silo,25
153,intermediaire,intermediaire_r03_c02.jpg,3,2,0.4283529818058014,772.3363037109375,197.8482666015625,795.9237060546875,222.90216064453125,784.1300048828125,210.37521362304688,48.477881637536775,1.85378496946214,1122334,48.47916666666667,1.853055555555556,152.66967765441206,Silo,25
154,peu_dense,peu_dense_r00_c00.jpg,0,0,0.059472132474184036,927.5472412109375,192.5642852783203,962.2738037109375,226.06748962402344,944.9105224609375,209.31588745117188,49.078574087494324,1.508723555416509,458152,49.074444444444445,1.5130555555555556,557.1570023604681,Silo,26
155,peu_dense,peu_dense_r00_c01.jpg,0,1,0.1663171350955963,243.06944274902344,921.9730224609375,275.298095703125,949.1395263671875,259.1837692260742,935.5562744140625,49.07729813230637,1.5096308749684795,458152,49.074444444444445,1.5130555555555556,403.62795086244455,Silo,26
156,peu_dense,peu_dense_r00_c02.jpg,0,2,0.2299204021692276,719.067138671875,786.6246948242188,743.762451171875,815.5708618164062,731.414794921875,801.0977783203125,49.07753436925266,1.5136440793139627,458152,49.074444444444445,1.5130555555555556,346.2483141045632,Silo,26
157,peu_dense,peu_dense_r00_c04.jpg,0,4,0.3831607401371002,544.5994873046875,297.4085388183594,586.1981201171875,337.1936340332031,565.3988037109375,317.30108642578125,49.07838436688568,1.5186919537882204,458152,49.074444444444445,1.5130555555555556,600.4002811699058,Silo,26
158,peu_dense,peu_dense_r00_c04.jpg,0,4,0.3519228994846344,1001.1204223632812,842.6812744140625,1023.7763061523438,872.7825927734375,1012.4483642578125,857.73193359375,49.07743486597192,1.519891034149623,458152,49.074444444444445,1.5130555555555556,598.719638103527,Silo,26
159,peu_dense,peu_dense_r00_c04.jpg,0,4,0.06868930906057358,968.1722412109375,276.79632568359375,997.1881103515625,310.07537841796875,982.68017578125,293.43585205078125,49.078426296090505,1.5198111896461342,458152,49.074444444444445,1.5130555555555556,661.9454059134603,Silo,26
160,peu_dense,peu_dense_r01_c00.jpg,1,0,0.2963613271713257,266.915771484375,611.1656494140625,335.3812255859375,673.9576416015625,301.14849853515625,642.5616455078125,49.076013772262804,1.5069968511124898,458152,49.074444444444445,1.5130555555555556,474.565231474783,Silo,26
161,peu_dense,peu_dense_r01_c01.jpg,1,1,0.06582493335008621,301.40252685546875,313.1668701171875,345.24322509765625,349.9398193359375,323.3228759765625,331.5533447265625,49.07656021093153,1.5098029094588128,458152,49.074444444444445,1.5130555555555556,333.8874162560286,Silo,26
162,peu_dense,peu_dense_r02_c00.jpg,2,0,0.06921973079442978,862.118408203125,0.8648300170898438,928.229248046875,39.58167266845703,895.173828125,20.223251342773438,49.07530804769206,1.5085901512065902,458152,49.074444444444445,1.5130555555555556,339.14288765185245,Silo,26
163,peu_dense,peu_dense_r02_c00.jpg,2,0,0.06776317954063416,60.93009948730469,958.5509033203125,147.39207458496094,1024.0,104.16108703613281,991.2754516601562,49.07360185515501,1.5064684897015468,458152,49.074444444444445,1.5130555555555556,488.8772674848299,Silo,26
164,peu_dense,peu_dense_r02_c00.jpg,2,0,0.05453350022435188,769.763427734375,465.09759521484375,804.767578125,502.30670166015625,787.2655029296875,483.7021484375,49.07449369689141,1.5083007185239694,458152,49.074444444444445,1.5130555555555556,346.3922895816249,Silo,26
165,peu_dense,peu_dense_r02_c01.jpg,2,1,0.1412363052368164,192.21383666992188,820.8148193359375,211.28411865234375,837.8133544921875,201.7489776611328,829.3140869140625,49.07388643432162,1.5094768228527755,458152,49.074444444444445,1.5130555555555556,267.96416850782344,Silo,26
166,peu_dense,peu_dense_r02_c02.jpg,2,2,0.06071259826421738,295.02593994140625,88.71026611328125,318.40704345703125,116.77993774414062,306.71649169921875,102.74510192871094,49.075163054505204,1.5125049496964493,458152,49.074444444444445,1.5130555555555556,89.40634953790382,Silo,26
167,peu_dense,peu_dense_r02_c02.jpg,2,2,0.05089676007628441,341.99334716796875,217.88754272460938,357.69769287109375,234.03219604492188,349.84552001953125,225.95986938476562,49.074946561943776,1.5126206307650136,458152,49.074444444444445,1.5130555555555556,64.19478414114515,Silo,26
168,peu_dense,peu_dense_r02_c04.jpg,2,4,0.05475015565752983,861.7952880859375,27.78166961669922,883.2374267578125,52.479888916015625,872.516357421875,40.13077926635742,49.075273069650486,1.5195157072594156,458152,49.074444444444445,1.5130555555555556,479.49865874838576,Silo,26
169,peu_dense,peu_dense_r03_c01.jpg,3,1,0.21900154650211334,770.9447631835938,332.498779296875,826.4797973632812,410.4813232421875,798.7122802734375,371.49005126953125,49.07289161042558,1.5110780032046023,458152,49.074444444444445,1.5130555555555556,224.86545161580764,Silo,26
170,peu_dense,peu_dense_r03_c01.jpg,3,1,0.13523134589195251,437.72357177734375,765.0996704101562,474.79132080078125,800.0292358398438,456.2574462890625,782.564453125,49.07216930193593,1.5101594677616959,458152,49.074444444444445,1.5130555555555556,329.4015312657995,Silo,26
171,peu_dense,peu_dense_r04_c01.jpg,4,1,0.2471911609172821,279.52508544921875,666.529541015625,308.05303955078125,693.3017578125,293.7890625,679.9156494140625,49.07055033595411,1.5097236935980618,458152,49.074444444444445,1.5130555555555556,496.387641700056,Silo,26
172,peu_dense,peu_dense_r04_c02.jpg,4,2,0.1983228623867035,458.63250732421875,928.4259643554688,481.05291748046875,950.1621704101562,469.84271240234375,939.2940673828125,49.070094555785765,1.5129424883161846,458152,49.074444444444445,1.5130555555555556,483.7563386555113,Silo,26
173,peu_dense,peu_dense_r04_c02.jpg,4,2,0.13837125897407532,938.716552734375,343.20086669921875,961.2723388671875,360.51239013671875,949.9944458007812,351.85662841796875,49.07112679579878,1.5142303556240222,458152,49.074444444444445,1.5130555555555556,378.7020067002115,Silo,26
174,peu_dense,peu_dense_r04_c03.jpg,4,3,0.1354232281446457,214.00408935546875,710.1041259765625,265.15130615234375,771.0863037109375,239.57769775390625,740.59521484375,49.07044371009996,1.5150714514493302,458152,49.074444444444445,1.5130555555555556,468.4721142736731,Silo,26
